,Children in HHS Care,Net Pressure,Lag_1,Lag_7,Lag_14,Rolling_7,Rolling_14,DayOfWeek
2023-01-26,7538.0,-139.0,7538.0,6566.0,6566.0,7149.0,6857.5,3
2023-01-27,7538.0,-139.0,7538.0,6566.0,6566.0,7287.857142857143,6926.928571428572,4
2023-01-28,7538.0,-139.0,7538.0,6566.0,6566.0,7426.714285714285,6996.357142857143,5
2023-01-29,7472.0,-292.0,7538.0,7122.0,6566.0,7476.714285714285,7061.071428571428,6
2023-01-30,7743.0,-167.0,7472.0,7280.0,6566.0,7542.857142857143,7145.142857142857,0
2023-01-31,7803.0,-122.0,7743.0,7433.0,6566.0,7595.714285714285,7233.5,1
2023-02-01,7903.0,-204.0,7803.0,7538.0,6566.0,7647.857142857143,7329.0,2
2023-02-02,7879.0,-275.0,7903.0,7538.0,6566.0,7696.571428571428,7422.785714285715,3
2023-02-03,7879.0,-275.0,7879.0,7538.0,6566.0,7745.285714285715,7516.571428571428,4
2023-02-04,7879.0,-275.0,7879.0,7538.0,6566.0,7794.0,7610.357142857143,5
2023-02-05,7586.0,-327.0,7879.0,7472.0,7122.0,7810.285714285715,7643.5,6
2023-02-06,7720.0,-184.0,7586.0,7743.0,7280.0,7807.0,7674.928571428572,0
2023-02-07,7855.0,-180.0,7720.0,7803.0,7433.0,7814.428571428572,7705.071428571428,1
2023-02-08,7915.0,-148.0,7855.0,7903.0,7538.0,7816.142857142857,7732.0,2
2023-02-09,7908.0,-192.0,7915.0,7879.0,7538.0,7820.285714285715,7758.428571428572,3
2023-02-10,7908.0,-192.0,7908.0,7879.0,7538.0,7824.428571428572,7784.857142857143,4
2023-02-11,7908.0,-192.0,7908.0,7879.0,7538.0,7828.571428571428,7811.285714285715,5
2023-02-12,7434.0,-144.0,7908.0,7586.0,7472.0,7806.857142857143,7808.571428571428,6
2023-02-13,7483.0,-72.0,7434.0,7720.0,7743.0,7773.0,7790.0,0
2023-02-14,7794.0,-3.0,7483.0,7855.0,7803.0,7764.285714285715,7789.357142857143,1
2023-02-15,7869.0,-118.0,7794.0,7915.0,7903.0,7757.714285714285,7786.928571428572,2
2023-02-16,7793.0,-208.0,7869.0,7908.0,7879.0,7741.285714285715,7780.785714285715,3
2023-02-17,7793.0,-208.0,7793.0,7908.0,7879.0,7724.857142857143,7774.642857142857,4
2023-02-18,7793.0,-208.0,7793.0,7908.0,7879.0,7708.428571428572,7768.5,5
2023-02-19,7793.0,-208.0,7793.0,7434.0,7586.0,7759.714285714285,7783.285714285715,6
2023-02-20,7817.0,-25.0,7793.0,7483.0,7720.0,7807.428571428572,7790.214285714285,0
2023-02-21,7967.0,4.0,7817.0,7794.0,7855.0,7832.142857142857,7798.214285714285,1
2023-02-22,7978.0,-2.0,7967.0,7869.0,7915.0,7847.714285714285,7802.714285714285,2
2023-02-23,7914.0,-208.0,7978.0,7793.0,7908.0,7865.0,7803.142857142857,3
2023-02-24,7914.0,-208.0,7914.0,7793.0,7908.0,7882.285714285715,7803.571428571428,4
2023-02-25,7914.0,-208.0,7914.0,7793.0,7908.0,7899.571428571428,7804.0,5
2023-02-26,7609.0,-147.0,7914.0,7793.0,7434.0,7873.285714285715,7816.5,6
2023-02-27,7800.0,-82.0,7609.0,7817.0,7483.0,7870.857142857143,7839.142857142857,0
2023-02-28,7896.0,-31.0,7800.0,7967.0,7794.0,7860.714285714285,7846.428571428572,1
2023-03-01,7930.0,-114.0,7896.0,7978.0,7869.0,7853.857142857143,7850.785714285715,2
2023-03-02,7870.0,-143.0,7930.0,7914.0,7793.0,7847.571428571428,7856.285714285715,3
2023-03-03,7870.0,-143.0,7870.0,7914.0,7793.0,7841.285714285715,7861.785714285715,4
2023-03-04,7870.0,-143.0,7870.0,7914.0,7793.0,7835.0,7867.285714285715,5
2023-03-05,7870.0,-143.0,7870.0,7609.0,7793.0,7872.285714285715,7872.785714285715,6
2023-03-06,7870.0,-143.0,7870.0,7800.0,7817.0,7882.285714285715,7876.571428571428,0
2023-03-07,7859.0,-99.0,7870.0,7896.0,7967.0,7877.0,7868.857142857143,1
2023-03-08,7885.0,-132.0,7859.0,7930.0,7978.0,7870.571428571428,7862.214285714285,2
2023-03-09,7786.0,-190.0,7885.0,7870.0,7914.0,7858.571428571428,7853.071428571428,3
2023-03-10,7786.0,-190.0,7786.0,7870.0,7914.0,7846.571428571428,7843.928571428572,4
2023-03-11,7786.0,-190.0,7786.0,7870.0,7914.0,7834.571428571428,7834.785714285715,5
2023-03-12,7786.0,-190.0,7786.0,7870.0,7609.0,7822.571428571428,7847.428571428572,6
2023-03-13,7567.0,-43.0,7786.0,7870.0,7800.0,7779.285714285715,7830.785714285715,0
2023-03-14,7810.0,33.0,7567.0,7859.0,7896.0,7772.285714285715,7824.642857142857,1
2023-03-15,7915.0,-73.0,7810.0,7885.0,7930.0,7776.571428571428,7823.571428571428,2
2023-03-16,7989.0,-162.0,7915.0,7786.0,7870.0,7805.571428571428,7832.071428571428,3
2023-03-17,7989.0,-162.0,7989.0,7786.0,7870.0,7834.571428571428,7840.571428571428,4
2023-03-18,7989.0,-162.0,7989.0,7786.0,7870.0,7863.571428571428,7849.071428571428,5
2023-03-19,7885.0,-120.0,7989.0,7786.0,7870.0,7877.714285714285,7850.142857142857,6
2023-03-20,7931.0,-121.0,7885.0,7567.0,7870.0,7929.714285714285,7854.5,0
2023-03-21,8050.0,-28.0,7931.0,7810.0,7859.0,7964.0,7868.142857142857,1
2023-03-22,8097.0,-17.0,8050.0,7915.0,7885.0,7990.0,7883.285714285715,2
2023-03-23,8102.0,-153.0,8097.0,7989.0,7786.0,8006.142857142857,7905.857142857143,3
2023-03-24,8102.0,-153.0,8102.0,7989.0,7786.0,8022.285714285715,7928.428571428572,4
2023-03-25,8102.0,-153.0,8102.0,7989.0,7786.0,8038.428571428572,7951.0,5
2023-03-26,7847.0,-179.0,8102.0,7885.0,7786.0,8033.0,7955.357142857143,6
2023-03-27,7994.0,-78.0,7847.0,7931.0,7567.0,8042.0,7985.857142857143,0
2023-03-28,8079.0,-66.0,7994.0,8050.0,7810.0,8046.142857142857,8005.071428571428,1
2023-03-29,8208.0,-108.0,8079.0,8097.0,7915.0,8062.0,8026.0,2
2023-03-30,8158.0,-183.0,8208.0,8102.0,7989.0,8070.0,8038.071428571428,3
2023-03-31,8158.0,-183.0,8158.0,8102.0,7989.0,8078.0,8050.142857142857,4
2023-04-01,8158.0,-183.0,8158.0,8102.0,7989.0,8086.0,8062.214285714285,5
2023-04-02,7981.0,-112.0,8158.0,7847.0,7885.0,8105.142857142857,8069.071428571428,6
2023-04-03,8054.0,-116.0,7981.0,7994.0,7931.0,8113.714285714285,8077.857142857143,0
2023-04-04,8068.0,-120.0,8054.0,8079.0,8050.0,8112.142857142857,8079.142857142857,1
2023-04-05,8175.0,-85.0,8068.0,8208.0,8097.0,8107.428571428572,8084.714285714285,2
2023-04-06,8178.0,-74.0,8175.0,8158.0,8102.0,8110.285714285715,8090.142857142857,3
2023-04-07,8178.0,-74.0,8178.0,8158.0,8102.0,8113.142857142857,8095.571428571428,4
2023-04-08,8178.0,-74.0,8178.0,8158.0,8102.0,8116.0,8101.0,5
2023-04-09,7900.0,-180.0,8178.0,7981.0,7847.0,8104.428571428572,8104.785714285715,6
2023-04-10,7826.0,-102.0,7900.0,8054.0,7994.0,8071.857142857143,8092.785714285715,0
2023-04-11,7922.0,-35.0,7826.0,8068.0,8079.0,8051.0,8081.571428571428,1
2023-04-12,7876.0,-102.0,7922.0,8175.0,8208.0,8008.285714285715,8057.857142857143,2
2023-04-13,7795.0,-197.0,7876.0,8178.0,8158.0,7953.571428571428,8031.928571428572,3
2023-04-14,7795.0,-197.0,7795.0,8178.0,8158.0,7898.857142857143,8006.0,4
2023-04-15,7795.0,-197.0,7795.0,8178.0,8158.0,7844.142857142857,7980.071428571428,5
2023-04-16,7380.0,-80.0,7795.0,7900.0,7981.0,7769.857142857143,7937.142857142857,6
2023-04-17,7344.0,-52.0,7380.0,7826.0,8054.0,7701.0,7886.428571428572,0
2023-04-18,7376.0,-20.0,7344.0,7922.0,8068.0,7623.0,7837.0,1
2023-04-19,7356.0,-5.0,7376.0,7876.0,8175.0,7548.714285714285,7778.5,2
2023-04-20,7490.0,-83.0,7356.0,7795.0,8178.0,7505.142857142857,7729.357142857143,3
2023-04-21,7490.0,-83.0,7490.0,7795.0,8178.0,7461.571428571428,7680.214285714285,4
2023-04-22,7490.0,-83.0,7490.0,7795.0,8178.0,7418.0,7631.071428571428,5
2023-04-23,7534.0,-79.0,7490.0,7380.0,7900.0,7440.0,7604.928571428572,6
2023-04-24,7796.0,9.0,7534.0,7344.0,7826.0,7504.571428571428,7602.785714285715,0
2023-04-25,8017.0,40.0,7796.0,7376.0,7922.0,7596.142857142857,7609.571428571428,1
2023-04-26,8117.0,-96.0,8017.0,7356.0,7876.0,7704.857142857143,7626.785714285715,2
2023-04-27,8159.0,-102.0,8117.0,7490.0,7795.0,7800.428571428572,7652.785714285715,3
2023-04-28,8159.0,-102.0,8159.0,7490.0,7795.0,7896.0,7678.785714285715,4
2023-04-29,8159.0,-102.0,8159.0,7490.0,7795.0,7991.571428571428,7704.785714285715,5
2023-04-30,8352.0,-110.0,8159.0,7534.0,7380.0,8108.428571428572,7774.214285714285,6
2023-05-01,8492.0,-85.0,8352.0,7796.0,7344.0,8207.857142857143,7856.214285714285,0
2023-05-02,8654.0,-32.0,8492.0,8017.0,7376.0,8298.857142857143,7947.5,1
2023-05-03,8704.0,-35.0,8654.0,8117.0,7356.0,8382.714285714286,8043.785714285715,2
2023-05-04,8790.0,-46.0,8704.0,8159.0,7490.0,8472.857142857143,8136.642857142857,3
2023-05-05,8790.0,-46.0,8790.0,8159.0,7490.0,8563.0,8229.5,4
2023-05-06,8790.0,-46.0,8790.0,8159.0,7490.0,8653.142857142857,8322.357142857143,5
2023-05-07,8485.0,-156.0,8790.0,8352.0,7534.0,8672.142857142857,8390.285714285714,6
2023-05-08,8590.0,-72.0,8485.0,8492.0,7796.0,8686.142857142857,8447.0,0
2023-05-09,8606.0,-3.0,8590.0,8654.0,8017.0,8679.285714285714,8489.07142857143,1
2023-05-10,8681.0,-94.0,8606.0,8704.0,8117.0,8676.0,8529.357142857143,2
2023-05-11,8672.0,-188.0,8681.0,8790.0,8159.0,8659.142857142857,8566.0,3
2023-05-12,8672.0,-188.0,8672.0,8790.0,8159.0,8642.285714285714,8602.642857142857,4
2023-05-13,8672.0,-188.0,8672.0,8790.0,8159.0,8625.42857142857,8639.285714285714,5
2023-05-14,8445.0,-52.0,8672.0,8485.0,8352.0,8619.714285714286,8645.92857142857,6
2023-05-15,8571.0,-100.0,8445.0,8590.0,8492.0,8617.0,8651.57142857143,0
2023-05-16,8572.0,-61.0,8571.0,8606.0,8654.0,8612.142857142857,8645.714285714286,1
2023-05-17,8569.0,-114.0,8572.0,8681.0,8704.0,8596.142857142857,8636.07142857143,2
2023-05-18,8474.0,-199.0,8569.0,8672.0,8790.0,8567.857142857143,8613.5,3
2023-05-19,8474.0,-199.0,8474.0,8672.0,8790.0,8539.57142857143,8590.92857142857,4
2023-05-20,8474.0,-199.0,8474.0,8672.0,8790.0,8511.285714285714,8568.357142857143,5
2023-05-21,7826.0,-210.0,8474.0,8445.0,8485.0,8422.857142857143,8521.285714285714,6
2023-05-22,7848.0,-101.0,7826.0,8571.0,8590.0,8319.57142857143,8468.285714285714,0
2023-05-23,7788.0,-152.0,7848.0,8572.0,8606.0,8207.57142857143,8409.857142857143,1
2023-05-24,7709.0,-223.0,7788.0,8569.0,8681.0,8084.714285714285,8340.42857142857,2
2023-05-25,7546.0,-344.0,7709.0,8474.0,8672.0,7952.142857142857,8260.0,3
2023-05-26,7546.0,-344.0,7546.0,8474.0,8672.0,7819.571428571428,8179.571428571428,4
2023-05-27,7546.0,-344.0,7546.0,8474.0,8672.0,7687.0,8099.142857142857,5
2023-05-28,7546.0,-344.0,7546.0,7826.0,8445.0,7647.0,8034.928571428572,6
2023-05-29,6996.0,-136.0,7546.0,7848.0,8571.0,7525.285714285715,7922.428571428572,0
2023-05-30,7046.0,-103.0,6996.0,7788.0,8572.0,7419.285714285715,7813.428571428572,1
2023-05-31,7053.0,-128.0,7046.0,7709.0,8569.0,7325.571428571428,7705.142857142857,2
2023-06-01,7002.0,-219.0,7053.0,7546.0,8474.0,7247.857142857143,7600.0,3
2023-06-02,7002.0,-219.0,7002.0,7546.0,8474.0,7170.142857142857,7494.857142857143,4
2023-06-03,7002.0,-219.0,7002.0,7546.0,8474.0,7092.428571428572,7389.714285714285,5
2023-06-04,6555.0,-212.0,7002.0,7546.0,7826.0,6950.857142857143,7298.928571428572,6
2023-06-05,6523.0,-87.0,6555.0,6996.0,7848.0,6883.285714285715,7204.285714285715,0
2023-06-06,6508.0,-94.0,6523.0,7046.0,7788.0,6806.428571428572,7112.857142857143,1
2023-06-07,6483.0,-101.0,6508.0,7053.0,7709.0,6725.0,7025.285714285715,2
2023-06-08,6446.0,-124.0,6483.0,7002.0,7546.0,6645.571428571428,6946.714285714285,3
2023-06-09,6446.0,-124.0,6446.0,7002.0,7546.0,6566.142857142857,6868.142857142857,4
2023-06-10,6446.0,-124.0,6446.0,7002.0,7546.0,6486.714285714285,6789.571428571428,5
2023-06-11,6007.0,-70.0,6446.0,6555.0,7546.0,6408.428571428572,6679.642857142857,6
2023-06-12,6021.0,-41.0,6007.0,6523.0,6996.0,6336.714285714285,6610.0,0
2023-06-13,6061.0,-29.0,6021.0,6508.0,7046.0,6272.857142857143,6539.642857142857,1
2023-06-14,6065.0,-115.0,6061.0,6483.0,7053.0,6213.142857142857,6469.071428571428,2
2023-06-15,6038.0,-175.0,6065.0,6446.0,7002.0,6154.857142857143,6400.214285714285,3
2023-06-16,6038.0,-175.0,6038.0,6446.0,7002.0,6096.571428571428,6331.357142857143,4
2023-06-17,6038.0,-175.0,6038.0,6446.0,7002.0,6038.285714285715,6262.5,5
2023-06-18,6038.0,-175.0,6038.0,6007.0,6555.0,6042.714285714285,6225.571428571428,6
2023-06-19,5679.0,-131.0,6038.0,6021.0,6523.0,5993.857142857143,6165.285714285715,0
2023-06-20,5904.0,-100.0,5679.0,6061.0,6508.0,5971.428571428572,6122.142857142857,1
2023-06-21,5922.0,20.0,5904.0,6065.0,6483.0,5951.0,6082.071428571428,2
2023-06-22,5956.0,-46.0,5922.0,6038.0,6446.0,5939.285714285715,6047.071428571428,3
2023-06-23,5956.0,-46.0,5956.0,6038.0,6446.0,5927.571428571428,6012.071428571428,4
2023-06-24,5956.0,-46.0,5956.0,6038.0,6446.0,5915.857142857143,5977.071428571428,5
2023-06-25,5766.0,-90.0,5956.0,6038.0,6007.0,5877.0,5959.857142857143,6
2023-06-26,5819.0,-2.0,5766.0,5679.0,6021.0,5897.0,5945.428571428572,0
2023-06-27,5917.0,65.0,5819.0,5904.0,6061.0,5898.857142857143,5935.142857142857,1
2023-06-28,5999.0,-2.0,5917.0,5922.0,6065.0,5909.857142857143,5930.428571428572,2
2023-06-29,6058.0,-60.0,5999.0,5956.0,6038.0,5924.428571428572,5931.857142857143,3
2023-06-30,6058.0,-60.0,6058.0,5956.0,6038.0,5939.0,5933.285714285715,4
2023-07-01,6058.0,-60.0,6058.0,5956.0,6038.0,5953.571428571428,5934.714285714285,5
2023-07-02,5903.0,-125.0,6058.0,5766.0,6038.0,5973.142857142857,5925.071428571428,6
2023-07-03,5903.0,-125.0,5903.0,5819.0,5679.0,5985.142857142857,5941.071428571428,0
2023-07-04,6127.0,93.0,5903.0,5917.0,5904.0,6015.142857142857,5957.0,1
2023-07-05,6193.0,63.0,6127.0,5999.0,5922.0,6042.857142857143,5976.357142857143,2
2023-07-06,6239.0,-27.0,6193.0,6058.0,5956.0,6068.714285714285,5996.571428571428,3
2023-07-07,6239.0,-27.0,6239.0,6058.0,5956.0,6094.571428571428,6016.785714285715,4
2023-07-08,6239.0,-27.0,6239.0,6058.0,5956.0,6120.428571428572,6037.0,5
2023-07-09,6214.0,-20.0,6239.0,5903.0,5766.0,6164.857142857143,6069.0,6
2023-07-10,6346.0,3.0,6214.0,5903.0,5819.0,6228.142857142857,6106.642857142857,0
2023-07-11,6498.0,26.0,6346.0,6127.0,5917.0,6281.142857142857,6148.142857142857,1
2023-07-12,6521.0,-17.0,6498.0,6193.0,5999.0,6328.0,6185.428571428572,2
2023-07-13,6604.0,-34.0,6521.0,6239.0,6058.0,6380.142857142857,6224.428571428572,3
2023-07-14,6604.0,-34.0,6604.0,6239.0,6058.0,6432.285714285715,6263.428571428572,4
2023-07-15,6604.0,-34.0,6604.0,6239.0,6058.0,6484.428571428572,6302.428571428572,5
2023-07-16,6468.0,-58.0,6604.0,6214.0,5903.0,6520.714285714285,6342.785714285715,6
2023-07-17,6632.0,-1.0,6468.0,6346.0,5903.0,6561.571428571428,6394.857142857143,0
2023-07-18,6874.0,-31.0,6632.0,6498.0,6127.0,6615.285714285715,6448.214285714285,1
2023-07-19,7001.0,-20.0,6874.0,6521.0,6193.0,6683.857142857143,6505.928571428572,2
2023-07-20,7116.0,-67.0,7001.0,6604.0,6239.0,6757.0,6568.571428571428,3
2023-07-21,7116.0,-67.0,7116.0,6604.0,6239.0,6830.142857142857,6631.214285714285,4
2023-07-22,7116.0,-67.0,7116.0,6604.0,6239.0,6903.285714285715,6693.857142857143,5
2023-07-23,7052.0,-63.0,7116.0,6468.0,6214.0,6986.714285714285,6753.714285714285,6
2023-07-24,7220.0,-41.0,7052.0,6632.0,6346.0,7070.714285714285,6816.142857142857,0
2023-07-25,7510.0,50.0,7220.0,6874.0,6498.0,7161.571428571428,6888.428571428572,1
2023-07-26,7647.0,-57.0,7510.0,7001.0,6521.0,7253.857142857143,6968.857142857143,2
2023-07-27,7754.0,-66.0,7647.0,7116.0,6604.0,7345.0,7051.0,3
2023-07-28,7754.0,-66.0,7754.0,7116.0,6604.0,7436.142857142857,7133.142857142857,4
2023-07-29,7754.0,-66.0,7754.0,7116.0,6604.0,7527.285714285715,7215.285714285715,5
2023-07-30,7671.0,-76.0,7754.0,7052.0,6468.0,7615.714285714285,7301.214285714285,6
2023-07-31,7800.0,-42.0,7671.0,7220.0,6632.0,7698.571428571428,7384.642857142857,0
2023-08-01,8103.0,5.0,7800.0,7510.0,6874.0,7783.285714285715,7472.428571428572,1
2023-08-02,8261.0,-114.0,8103.0,7647.0,7001.0,7871.0,7562.428571428572,2
2023-08-03,8294.0,-182.0,8261.0,7754.0,7116.0,7948.142857142857,7646.571428571428,3
2023-08-04,8294.0,-182.0,8294.0,7754.0,7116.0,8025.285714285715,7730.714285714285,4
2023-08-05,8294.0,-182.0,8294.0,7754.0,7116.0,8102.428571428572,7814.857142857143,5
2023-08-06,8298.0,-163.0,8294.0,7671.0,7052.0,8192.0,7903.857142857143,6
2023-08-07,8493.0,-26.0,8298.0,7800.0,7220.0,8291.0,7994.785714285715,0
2023-08-08,8725.0,-15.0,8493.0,8103.0,7510.0,8379.857142857143,8081.571428571428,1
2023-08-09,8888.0,-83.0,8725.0,8261.0,7647.0,8469.42857142857,8170.214285714285,2
2023-08-10,8914.0,-214.0,8888.0,8294.0,7754.0,8558.0,8253.07142857143,3
2023-08-11,8914.0,-214.0,8914.0,8294.0,7754.0,8646.57142857143,8335.92857142857,4
2023-08-12,8914.0,-214.0,8914.0,8294.0,7754.0,8735.142857142857,8418.785714285714,5
2023-08-13,8914.0,-214.0,8914.0,8298.0,7671.0,8823.142857142857,8507.57142857143,6
2023-08-14,8914.0,-214.0,8914.0,8493.0,7800.0,8883.285714285714,8587.142857142857,0
2023-08-15,8914.0,-214.0,8914.0,8725.0,8103.0,8910.285714285714,8645.07142857143,1
2023-08-16,9634.0,-113.0,8914.0,8888.0,8261.0,9016.857142857143,8743.142857142857,2
2023-08-17,9694.0,-197.0,9634.0,8914.0,8294.0,9128.285714285714,8843.142857142857,3
2023-08-18,9694.0,-197.0,9694.0,8914.0,8294.0,9239.714285714286,8943.142857142857,4
2023-08-19,9694.0,-197.0,9694.0,8914.0,8294.0,9351.142857142857,9043.142857142857,5
2023-08-20,9483.0,-241.0,9694.0,8914.0,8298.0,9432.42857142857,9127.785714285714,6
2023-08-21,9668.0,-118.0,9483.0,8914.0,8493.0,9540.142857142857,9211.714285714286,0
2023-08-22,9921.0,-78.0,9668.0,8914.0,8725.0,9684.0,9297.142857142857,1
2023-08-23,10071.0,-104.0,9921.0,9634.0,8888.0,9746.42857142857,9381.642857142857,2
2023-08-24,10026.0,-270.0,10071.0,9694.0,8914.0,9793.857142857143,9461.07142857143,3
2023-08-25,10026.0,-270.0,10026.0,9694.0,8914.0,9841.285714285714,9540.5,4
2023-08-26,10026.0,-270.0,10026.0,9694.0,8914.0,9888.714285714286,9619.92857142857,5
2023-08-27,9873.0,-296.0,10026.0,9483.0,8914.0,9944.42857142857,9688.42857142857,6
2023-08-28,10012.0,-192.0,9873.0,9668.0,8914.0,9993.57142857143,9766.857142857143,0
2023-08-29,10180.0,-72.0,10012.0,9921.0,8914.0,10030.57142857143,9857.285714285714,1
2023-08-30,10280.0,-142.0,10180.0,10071.0,9634.0,10060.42857142857,9903.42857142857,2
2023-08-31,10140.0,-268.0,10280.0,10026.0,9694.0,10076.714285714286,9935.285714285714,3
2023-09-01,10140.0,-268.0,10140.0,10026.0,9694.0,10093.0,9967.142857142857,4
2023-09-02,10140.0,-268.0,10140.0,10026.0,9694.0,10109.285714285714,9999.0,5
2023-09-03,10140.0,-268.0,10140.0,9873.0,9483.0,10147.42857142857,10045.92857142857,6
2023-09-04,9988.0,-106.0,10140.0,10012.0,9668.0,10144.0,10068.785714285714,0
2023-09-05,10142.0,-21.0,9988.0,10180.0,9921.0,10138.57142857143,10084.57142857143,1
2023-09-06,10356.0,-49.0,10142.0,10280.0,10071.0,10149.42857142857,10104.92857142857,2
2023-09-07,10419.0,-238.0,10356.0,10140.0,10026.0,10189.285714285714,10133.0,3
2023-09-08,10419.0,-238.0,10419.0,10140.0,10026.0,10229.142857142857,10161.07142857143,4
2023-09-09,10419.0,-238.0,10419.0,10140.0,10026.0,10269.0,10189.142857142857,5
2023-09-10,10282.0,-174.0,10419.0,10140.0,9873.0,10289.285714285714,10218.357142857143,6
2023-09-11,10492.0,-94.0,10282.0,9988.0,10012.0,10361.285714285714,10252.642857142857,0
2023-09-12,10649.0,-164.0,10492.0,10142.0,10180.0,10433.714285714286,10286.142857142857,1
2023-09-13,10678.0,-130.0,10649.0,10356.0,10280.0,10479.714285714286,10314.57142857143,2
2023-09-14,10837.0,-182.0,10678.0,10419.0,10140.0,10539.42857142857,10364.357142857143,3
2023-09-15,10837.0,-182.0,10837.0,10419.0,10140.0,10599.142857142857,10414.142857142857,4
2023-09-16,10837.0,-182.0,10837.0,10419.0,10140.0,10658.857142857143,10463.92857142857,5
2023-09-17,10799.0,-141.0,10837.0,10282.0,10140.0,10732.714285714286,10511.0,6
2023-09-18,10892.0,-94.0,10799.0,10492.0,9988.0,10789.857142857143,10575.57142857143,0
2023-09-19,11095.0,-71.0,10892.0,10649.0,10142.0,10853.57142857143,10643.642857142857,1
2023-09-20,11064.0,-117.0,11095.0,10678.0,10356.0,10908.714285714286,10694.214285714286,2
2023-09-21,11067.0,-218.0,11064.0,10837.0,10419.0,10941.57142857143,10740.5,3
2023-09-22,11067.0,-218.0,11067.0,10837.0,10419.0,10974.42857142857,10786.785714285714,4
2023-09-23,11067.0,-218.0,11067.0,10837.0,10419.0,11007.285714285714,10833.07142857143,5
2023-09-24,10744.0,-199.0,11067.0,10799.0,10282.0,10999.42857142857,10866.07142857143,6
2023-09-25,10842.0,-48.0,10744.0,10892.0,10492.0,10992.285714285714,10891.07142857143,0
2023-09-26,10978.0,-155.0,10842.0,11095.0,10649.0,10975.57142857143,10914.57142857143,1
2023-09-27,11017.0,-120.0,10978.0,11064.0,10678.0,10968.857142857143,10938.785714285714,2
2023-09-28,10984.0,-254.0,11017.0,11067.0,10837.0,10957.0,10949.285714285714,3
2023-09-29,10984.0,-254.0,10984.0,11067.0,10837.0,10945.142857142857,10959.785714285714,4
2023-09-30,10984.0,-254.0,10984.0,11067.0,10837.0,10933.285714285714,10970.285714285714,5
2023-10-01,10598.0,-341.0,10984.0,10744.0,10799.0,10912.42857142857,10955.92857142857,6
2023-10-02,10724.0,-151.0,10598.0,10842.0,10892.0,10895.57142857143,10943.92857142857,0
2023-10-03,10818.0,-148.0,10724.0,10978.0,11095.0,10872.714285714286,10924.142857142857,1
2023-10-04,10963.0,-236.0,10818.0,11017.0,11064.0,10865.0,10916.92857142857,2
2023-10-05,11130.0,-374.0,10963.0,10984.0,11067.0,10885.857142857143,10921.42857142857,3
2023-10-06,11130.0,-374.0,11130.0,10984.0,11067.0,10906.714285714286,10925.92857142857,4
2023-10-07,11130.0,-374.0,11130.0,10984.0,11067.0,10927.57142857143,10930.42857142857,5
2023-10-08,11130.0,-374.0,11130.0,10598.0,10744.0,11003.57142857143,10958.0,6
2023-10-09,10815.0,-218.0,11130.0,10724.0,10842.0,11016.57142857143,10956.07142857143,0
2023-10-10,10910.0,-186.0,10815.0,10818.0,10978.0,11029.714285714286,10951.214285714286,1
2023-10-11,10960.0,-201.0,10910.0,10963.0,11017.0,11029.285714285714,10947.142857142857,2
2023-10-12,10992.0,-316.0,10960.0,11130.0,10984.0,11009.57142857143,10947.714285714286,3
2023-10-13,10992.0,-316.0,10992.0,11130.0,10984.0,10989.857142857143,10948.285714285714,4
2023-10-14,10992.0,-316.0,10992.0,11130.0,10984.0,10970.142857142857,10948.857142857143,5
2023-10-15,10571.0,-366.0,10992.0,11130.0,10598.0,10890.285714285714,10946.92857142857,6
2023-10-16,10629.0,-251.0,10571.0,10815.0,10724.0,10863.714285714286,10940.142857142857,0
2023-10-17,10630.0,-213.0,10629.0,10910.0,10818.0,10823.714285714286,10926.714285714286,1
2023-10-18,10511.0,-300.0,10630.0,10960.0,10963.0,10759.57142857143,10894.42857142857,2
2023-10-19,10319.0,-299.0,10511.0,10992.0,11130.0,10663.42857142857,10836.5,3
2023-10-20,10319.0,-299.0,10319.0,10992.0,11130.0,10567.285714285714,10778.57142857143,4
2023-10-21,10319.0,-299.0,10319.0,10992.0,11130.0,10471.142857142857,10720.642857142857,5
2023-10-22,9506.0,-323.0,10319.0,10571.0,11130.0,10319.0,10604.642857142857,6
2023-10-23,9436.0,-159.0,9506.0,10629.0,10815.0,10148.57142857143,10506.142857142857,0
2023-10-24,9396.0,-164.0,9436.0,10630.0,10910.0,9972.285714285714,10398.0,1
2023-10-25,9351.0,-176.0,9396.0,10511.0,10960.0,9806.57142857143,10283.07142857143,2
2023-10-26,9235.0,-338.0,9351.0,10319.0,10992.0,9651.714285714286,10157.57142857143,3
2023-10-27,9235.0,-338.0,9235.0,10319.0,10992.0,9496.857142857143,10032.07142857143,4
2023-10-28,9235.0,-338.0,9235.0,10319.0,10992.0,9342.0,9906.57142857143,5
2023-10-29,8925.0,-321.0,9235.0,9506.0,10571.0,9259.0,9789.0,6
2023-10-30,9026.0,-267.0,8925.0,9436.0,10629.0,9200.42857142857,9674.5,0
2023-10-31,9072.0,-261.0,9026.0,9396.0,10630.0,9154.142857142857,9563.214285714286,1
2023-11-01,9250.0,-82.0,9072.0,9351.0,10511.0,9139.714285714286,9473.142857142857,2
2023-11-02,9442.0,-74.0,9250.0,9235.0,10319.0,9169.285714285714,9410.5,3
2023-11-03,9442.0,-74.0,9442.0,9235.0,10319.0,9198.857142857143,9347.857142857143,4
2023-11-04,9442.0,-74.0,9442.0,9235.0,10319.0,9228.42857142857,9285.214285714286,5
2023-11-05,9273.0,-203.0,9442.0,8925.0,9506.0,9278.142857142857,9268.57142857143,6
2023-11-06,9286.0,-157.0,9273.0,9026.0,9436.0,9315.285714285714,9257.857142857143,0
2023-11-07,9483.0,-43.0,9286.0,9072.0,9396.0,9374.0,9264.07142857143,1
2023-11-08,9634.0,-119.0,9483.0,9250.0,9351.0,9428.857142857143,9284.285714285714,2
2023-11-09,9634.0,-119.0,9634.0,9442.0,9235.0,9456.285714285714,9312.785714285714,3
2023-11-10,9634.0,-119.0,9634.0,9442.0,9235.0,9483.714285714286,9341.285714285714,4
2023-11-11,9634.0,-119.0,9634.0,9442.0,9235.0,9511.142857142857,9369.785714285714,5
2023-11-12,9477.0,-80.0,9634.0,9273.0,8925.0,9540.285714285714,9409.214285714286,6
2023-11-13,9510.0,-158.0,9477.0,9286.0,9026.0,9572.285714285714,9443.785714285714,0
2023-11-14,9665.0,-65.0,9510.0,9483.0,9072.0,9598.285714285714,9486.142857142857,1
2023-11-15,9762.0,-115.0,9665.0,9634.0,9250.0,9616.57142857143,9522.714285714286,2
2023-11-16,9762.0,-249.0,9762.0,9634.0,9442.0,9634.857142857143,9545.57142857143,3
2023-11-17,9762.0,-249.0,9762.0,9634.0,9442.0,9653.142857142857,9568.42857142857,4
2023-11-18,9762.0,-249.0,9762.0,9634.0,9442.0,9671.42857142857,9591.285714285714,5
2023-11-19,9573.0,-271.0,9762.0,9477.0,9273.0,9685.142857142857,9612.714285714286,6
2023-11-20,9638.0,-140.0,9573.0,9510.0,9286.0,9703.42857142857,9637.857142857143,0
2023-11-21,9804.0,-127.0,9638.0,9665.0,9483.0,9723.285714285714,9660.785714285714,1
2023-11-22,9804.0,-127.0,9804.0,9762.0,9634.0,9729.285714285714,9672.92857142857,2
2023-11-23,9838.0,-106.0,9804.0,9762.0,9634.0,9740.142857142857,9687.5,3
2023-11-24,9838.0,-106.0,9838.0,9762.0,9634.0,9751.0,9702.07142857143,4
2023-11-25,9838.0,-106.0,9838.0,9762.0,9634.0,9761.857142857143,9716.642857142857,5
2023-11-26,9845.0,-107.0,9838.0,9573.0,9477.0,9800.714285714286,9742.92857142857,6
2023-11-27,10123.0,-146.0,9845.0,9638.0,9510.0,9870.0,9786.714285714286,0
2023-11-28,10223.0,-143.0,10123.0,9804.0,9665.0,9929.857142857143,9826.57142857143,1
2023-11-29,10398.0,-182.0,10223.0,9804.0,9762.0,10014.714285714286,9872.0,2
2023-11-30,10536.0,-227.0,10398.0,9838.0,9762.0,10114.42857142857,9927.285714285714,3
2023-12-01,10536.0,-227.0,10536.0,9838.0,9762.0,10214.142857142857,9982.57142857143,4
2023-12-02,10536.0,-227.0,10536.0,9838.0,9762.0,10313.857142857143,10037.857142857143,5
2023-12-03,10579.0,-220.0,10536.0,9845.0,9573.0,10418.714285714286,10109.714285714286,6
2023-12-04,10635.0,-17.0,10579.0,10123.0,9638.0,10491.857142857143,10180.92857142857,0
2023-12-05,10761.0,-94.0,10635.0,10223.0,9804.0,10568.714285714286,10249.285714285714,1
2023-12-06,10832.0,-217.0,10761.0,10398.0,9804.0,10630.714285714286,10322.714285714286,2
2023-12-07,10897.0,-278.0,10832.0,10536.0,9838.0,10682.285714285714,10398.357142857143,3
2023-12-08,10897.0,-278.0,10897.0,10536.0,9838.0,10733.857142857143,10474.0,4
2023-12-09,10897.0,-278.0,10897.0,10536.0,9838.0,10785.42857142857,10549.642857142857,5
2023-12-10,10871.0,-220.0,10897.0,10579.0,9845.0,10827.142857142857,10622.92857142857,6
2023-12-11,10998.0,-71.0,10871.0,10635.0,10123.0,10879.0,10685.42857142857,0
2023-12-12,11077.0,-130.0,10998.0,10761.0,10223.0,10924.142857142857,10746.42857142857,1
2023-12-13,11192.0,-153.0,11077.0,10832.0,10398.0,10975.57142857143,10803.142857142857,2
2023-12-14,11242.0,-195.0,11192.0,10897.0,10536.0,11024.857142857143,10853.57142857143,3
2023-12-15,11242.0,-195.0,11242.0,10897.0,10536.0,11074.142857142857,10904.0,4
2023-12-16,11242.0,-195.0,11242.0,10897.0,10536.0,11123.42857142857,10954.42857142857,5
2023-12-17,11092.0,-331.0,11242.0,10871.0,10579.0,11155.0,10991.07142857143,6
2023-12-18,11149.0,-200.0,11092.0,10998.0,10635.0,11176.57142857143,11027.785714285714,0
2023-12-19,11291.0,-114.0,11149.0,11077.0,10761.0,11207.142857142857,11065.642857142857,1
2023-12-20,11516.0,-267.0,11291.0,11192.0,10832.0,11253.42857142857,11114.5,2
2023-12-21,11375.0,-320.0,11516.0,11242.0,10897.0,11272.42857142857,11148.642857142857,3
2023-12-22,11375.0,-320.0,11375.0,11242.0,10897.0,11291.42857142857,11182.785714285714,4
2023-12-23,11375.0,-320.0,11375.0,11242.0,10897.0,11310.42857142857,11216.92857142857,5
2023-12-24,11375.0,-320.0,11375.0,11092.0,10871.0,11350.857142857143,11252.92857142857,6
2023-12-25,11144.0,-142.0,11375.0,11149.0,10998.0,11350.142857142857,11263.357142857143,0
2023-12-26,11217.0,-220.0,11144.0,11291.0,11077.0,11339.57142857143,11273.357142857143,1
2023-12-27,11206.0,-255.0,11217.0,11516.0,11192.0,11295.285714285714,11274.357142857143,2
2023-12-28,11230.0,-255.0,11206.0,11375.0,11242.0,11274.57142857143,11273.5,3
2023-12-29,11230.0,-255.0,11230.0,11375.0,11242.0,11253.857142857143,11272.642857142857,4
2023-12-30,11230.0,-255.0,11230.0,11375.0,11242.0,11233.142857142857,11271.785714285714,5
2023-12-31,11230.0,-255.0,11230.0,11375.0,11092.0,11212.42857142857,11281.642857142857,6
2024-01-01,10870.0,-197.0,11230.0,11144.0,11149.0,11173.285714285714,11261.714285714286,0
2024-01-02,10770.0,-209.0,10870.0,11217.0,11291.0,11109.42857142857,11224.5,1
2024-01-03,10718.0,-132.0,10770.0,11206.0,11516.0,11039.714285714286,11167.5,2
2024-01-04,10558.0,-194.0,10718.0,11230.0,11375.0,10943.714285714286,11109.142857142857,3
2024-01-05,10558.0,-194.0,10558.0,11230.0,11375.0,10847.714285714286,11050.785714285714,4
2024-01-06,10558.0,-194.0,10558.0,11230.0,11375.0,10751.714285714286,10992.42857142857,5
2024-01-07,9670.0,-231.0,10558.0,11230.0,11375.0,10528.857142857143,10870.642857142857,6
2024-01-08,9670.0,-250.0,9670.0,10870.0,11144.0,10357.42857142857,10765.357142857143,0
2024-01-09,9311.0,-234.0,9670.0,10770.0,11217.0,10149.0,10629.214285714286,1
2024-01-10,9144.0,-252.0,9311.0,10718.0,11206.0,9924.142857142857,10481.92857142857,2
2024-01-11,8829.0,-465.0,9144.0,10558.0,11230.0,9677.142857142857,10310.42857142857,3
2024-01-12,8829.0,-465.0,8829.0,10558.0,11230.0,9430.142857142857,10138.92857142857,4
2024-01-13,8829.0,-465.0,8829.0,10558.0,11230.0,9183.142857142857,9967.42857142857,5
2024-01-14,8829.0,-465.0,8829.0,9670.0,11230.0,9063.0,9795.92857142857,6
2024-01-15,8033.0,-200.0,8829.0,9670.0,10870.0,8829.142857142857,9593.285714285714,0
2024-01-16,8133.0,-149.0,8033.0,9311.0,10770.0,8660.857142857143,9404.92857142857,1
2024-01-17,8072.0,-228.0,8133.0,9144.0,10718.0,8507.714285714286,9215.92857142857,2
2024-01-18,8042.0,-195.0,8072.0,8829.0,10558.0,8395.285714285714,9036.214285714286,3
2024-01-19,8042.0,-195.0,8042.0,8829.0,10558.0,8282.857142857143,8856.5,4
2024-01-20,8042.0,-195.0,8042.0,8829.0,10558.0,8170.428571428572,8676.785714285714,5
2024-01-21,7974.0,-213.0,8042.0,8829.0,9670.0,8048.285714285715,8555.642857142857,6
2024-01-22,8008.0,-99.0,7974.0,8033.0,9670.0,8044.714285714285,8436.92857142857,0
2024-01-23,8133.0,-25.0,8008.0,8133.0,9311.0,8044.714285714285,8352.785714285714,1
2024-01-24,8212.0,-38.0,8133.0,8072.0,9144.0,8064.714285714285,8286.214285714286,2
2024-01-25,8180.0,-138.0,8212.0,8042.0,8829.0,8084.428571428572,8239.857142857143,3
2024-01-26,8180.0,-138.0,8180.0,8042.0,8829.0,8104.142857142857,8193.5,4
2024-01-27,8180.0,-138.0,8180.0,8042.0,8829.0,8123.857142857143,8147.142857142857,5
2024-01-28,8004.0,-181.0,8180.0,7974.0,8829.0,8128.142857142857,8088.214285714285,6
2024-01-29,8057.0,-29.0,8004.0,8008.0,8033.0,8135.142857142857,8089.928571428572,0
2024-01-30,8182.0,21.0,8057.0,8133.0,8133.0,8142.142857142857,8093.428571428572,1
2024-01-31,8153.0,-8.0,8182.0,8212.0,8072.0,8133.714285714285,8099.214285714285,2
2024-02-01,8026.0,-48.0,8153.0,8180.0,8042.0,8111.714285714285,8098.071428571428,3
2024-02-02,8026.0,-48.0,8026.0,8180.0,8042.0,8089.714285714285,8096.928571428572,4
2024-02-03,8026.0,-48.0,8026.0,8180.0,8042.0,8067.714285714285,8095.785714285715,5
2024-02-04,7813.0,-94.0,8026.0,8004.0,7974.0,8040.428571428572,8084.285714285715,6
2024-02-05,7872.0,103.0,7813.0,8057.0,8008.0,8014.0,8074.571428571428,0
2024-02-06,8045.0,145.0,7872.0,8182.0,8133.0,7994.428571428572,8068.285714285715,1
2024-02-07,8160.0,108.0,8045.0,8153.0,8212.0,7995.428571428572,8064.571428571428,2
2024-02-08,8188.0,43.0,8160.0,8026.0,8180.0,8018.571428571428,8065.142857142857,3
2024-02-09,8188.0,43.0,8188.0,8026.0,8180.0,8041.714285714285,8065.714285714285,4
2024-02-10,8188.0,43.0,8188.0,8026.0,8180.0,8064.857142857143,8066.285714285715,5
2024-02-11,8056.0,-121.0,8188.0,7813.0,8004.0,8099.571428571428,8070.0,6
2024-02-12,8092.0,206.0,8056.0,7872.0,8057.0,8131.0,8072.5,0
2024-02-13,8348.0,189.0,8092.0,8045.0,8182.0,8174.285714285715,8084.357142857143,1
2024-02-14,8512.0,42.0,8348.0,8160.0,8153.0,8224.57142857143,8110.0,2
2024-02-15,8463.0,-40.0,8512.0,8188.0,8026.0,8263.857142857143,8141.214285714285,3
2024-02-16,8463.0,-40.0,8463.0,8188.0,8026.0,8303.142857142857,8172.428571428572,4
2024-02-17,8463.0,-40.0,8463.0,8188.0,8026.0,8342.42857142857,8203.642857142857,5
2024-02-18,8463.0,-40.0,8463.0,8056.0,7813.0,8400.57142857143,8250.07142857143,6
2024-02-19,8380.0,153.0,8463.0,8092.0,7872.0,8441.714285714286,8286.357142857143,0
2024-02-20,8488.0,81.0,8380.0,8348.0,8045.0,8461.714285714286,8318.0,1
2024-02-21,8573.0,87.0,8488.0,8512.0,8160.0,8470.42857142857,8347.5,2
2024-02-22,8607.0,-1.0,8573.0,8463.0,8188.0,8491.0,8377.42857142857,3
2024-02-23,8607.0,-1.0,8607.0,8463.0,8188.0,8511.57142857143,8407.357142857143,4
2024-02-24,8607.0,-1.0,8607.0,8463.0,8188.0,8532.142857142857,8437.285714285714,5
2024-02-25,8404.0,37.0,8607.0,8463.0,8056.0,8523.714285714286,8462.142857142857,6
2024-02-26,8404.0,-3.0,8404.0,8380.0,8092.0,8527.142857142857,8484.42857142857,0
2024-02-27,8650.0,100.0,8404.0,8488.0,8348.0,8550.285714285714,8506.0,1
2024-02-28,8699.0,17.0,8650.0,8573.0,8512.0,8568.285714285714,8519.357142857143,2
2024-02-29,8724.0,55.0,8699.0,8607.0,8463.0,8585.0,8538.0,3
2024-03-01,8724.0,55.0,8724.0,8607.0,8463.0,8601.714285714286,8556.642857142857,4
2024-03-02,8724.0,55.0,8724.0,8607.0,8463.0,8618.42857142857,8575.285714285714,5
2024-03-03,8594.0,-7.0,8724.0,8404.0,8463.0,8645.57142857143,8584.642857142857,6
2024-03-04,8660.0,111.0,8594.0,8404.0,8380.0,8682.142857142857,8604.642857142857,0
2024-03-05,8800.0,131.0,8660.0,8650.0,8488.0,8703.57142857143,8626.92857142857,1
2024-03-06,8870.0,45.0,8800.0,8699.0,8573.0,8728.0,8648.142857142857,2
2024-03-07,8902.0,23.0,8870.0,8724.0,8607.0,8753.42857142857,8669.214285714286,3
2024-03-08,8902.0,23.0,8902.0,8724.0,8607.0,8778.857142857143,8690.285714285714,4
2024-03-09,8902.0,23.0,8902.0,8724.0,8607.0,8804.285714285714,8711.357142857143,5
2024-03-10,8714.0,-47.0,8902.0,8594.0,8404.0,8821.42857142857,8733.5,6
2024-03-11,8757.0,37.0,8714.0,8660.0,8404.0,8835.285714285714,8758.714285714286,0
2024-03-12,8843.0,77.0,8757.0,8800.0,8650.0,8841.42857142857,8772.5,1
2024-03-13,8819.0,-72.0,8843.0,8870.0,8699.0,8834.142857142857,8781.07142857143,2
2024-03-14,8695.0,-58.0,8819.0,8902.0,8724.0,8804.57142857143,8779.0,3
2024-03-15,8695.0,-58.0,8695.0,8902.0,8724.0,8775.0,8776.92857142857,4
2024-03-16,8695.0,-58.0,8695.0,8902.0,8724.0,8745.42857142857,8774.857142857143,5
2024-03-17,8373.0,-83.0,8695.0,8714.0,8594.0,8696.714285714286,8759.07142857143,6
2024-03-18,8333.0,-95.0,8373.0,8757.0,8660.0,8636.142857142857,8735.714285714286,0
2024-03-19,8390.0,59.0,8333.0,8843.0,8800.0,8571.42857142857,8706.42857142857,1
2024-03-20,8365.0,-53.0,8390.0,8819.0,8870.0,8506.57142857143,8670.357142857143,2
2024-03-21,8292.0,-94.0,8365.0,8695.0,8902.0,8449.0,8626.785714285714,3
2024-03-22,8292.0,-94.0,8292.0,8695.0,8902.0,8391.42857142857,8583.214285714286,4
2024-03-23,8292.0,-94.0,8292.0,8695.0,8902.0,8333.857142857143,8539.642857142857,5
2024-03-24,7899.0,-152.0,8292.0,8373.0,8714.0,8266.142857142857,8481.42857142857,6
2024-03-25,7899.0,-5.0,7899.0,8333.0,8757.0,8204.142857142857,8420.142857142857,0
2024-03-26,7919.0,-8.0,7899.0,8390.0,8843.0,8136.857142857143,8354.142857142857,1
2024-03-27,7893.0,-30.0,7919.0,8365.0,8819.0,8069.428571428572,8288.0,2
2024-03-28,7762.0,-112.0,7893.0,8292.0,8695.0,7993.714285714285,8221.357142857143,3
2024-03-29,7762.0,-112.0,7762.0,8292.0,8695.0,7918.0,8154.714285714285,4
2024-03-30,7762.0,-112.0,7762.0,8292.0,8695.0,7842.285714285715,8088.071428571428,5
2024-03-31,7257.0,-136.0,7762.0,7899.0,8373.0,7750.571428571428,8008.357142857143,6
2024-04-01,7271.0,-1.0,7257.0,7899.0,8333.0,7660.857142857143,7932.5,0
2024-04-02,7340.0,43.0,7271.0,7919.0,8390.0,7578.142857142857,7857.5,1
2024-04-03,7346.0,27.0,7340.0,7893.0,8365.0,7500.0,7784.714285714285,2
2024-04-04,7317.0,-73.0,7346.0,7762.0,8292.0,7436.428571428572,7715.071428571428,3
2024-04-05,7317.0,-73.0,7317.0,7762.0,8292.0,7372.857142857143,7645.428571428572,4
2024-04-06,7317.0,-73.0,7317.0,7762.0,8292.0,7309.285714285715,7575.785714285715,5
2024-04-07,6982.0,-46.0,7317.0,7257.0,7899.0,7270.0,7510.285714285715,6
2024-04-08,6988.0,-32.0,6982.0,7271.0,7899.0,7229.571428571428,7445.214285714285,0
2024-04-09,7043.0,87.0,6988.0,7340.0,7919.0,7187.142857142857,7382.642857142857,1
2024-04-10,6999.0,-85.0,7043.0,7346.0,7893.0,7137.571428571428,7318.785714285715,2
2024-04-11,6912.0,-65.0,6999.0,7317.0,7762.0,7079.714285714285,7258.071428571428,3
2024-04-12,6912.0,-65.0,6912.0,7317.0,7762.0,7021.857142857143,7197.357142857143,4
2024-04-13,6912.0,-65.0,6912.0,7317.0,7762.0,6964.0,7136.642857142857,5
2024-04-14,6630.0,-47.0,6912.0,6982.0,7257.0,6913.714285714285,7091.857142857143,6
2024-04-15,6681.0,-15.0,6630.0,6988.0,7271.0,6869.857142857143,7049.714285714285,0
2024-04-16,6685.0,42.0,6681.0,7043.0,7340.0,6818.714285714285,7002.928571428572,1
2024-04-17,6725.0,47.0,6685.0,6999.0,7346.0,6779.571428571428,6958.571428571428,2
2024-04-18,6728.0,-2.0,6725.0,6912.0,7317.0,6753.285714285715,6916.5,3
2024-04-19,6728.0,-2.0,6728.0,6912.0,7317.0,6727.0,6874.428571428572,4
2024-04-20,6728.0,-2.0,6728.0,6912.0,7317.0,6700.714285714285,6832.357142857143,5
2024-04-21,6745.0,103.0,6728.0,6630.0,6982.0,6717.142857142857,6815.428571428572,6
2024-04-22,6799.0,37.0,6745.0,6681.0,6988.0,6734.0,6801.928571428572,0
2024-04-23,6967.0,173.0,6799.0,6685.0,7043.0,6774.285714285715,6796.5,1
2024-04-24,7128.0,153.0,6967.0,6725.0,6999.0,6831.857142857143,6805.714285714285,2
2024-04-25,7209.0,116.0,7128.0,6728.0,6912.0,6900.571428571428,6826.928571428572,3
2024-04-26,7209.0,116.0,7209.0,6728.0,6912.0,6969.285714285715,6848.142857142857,4
2024-04-27,7209.0,116.0,7209.0,6728.0,6912.0,7038.0,6869.357142857143,5
2024-04-28,7298.0,115.0,7209.0,6745.0,6630.0,7117.0,6917.071428571428,6
2024-04-29,7373.0,68.0,7298.0,6799.0,6681.0,7199.0,6966.5,0
2024-04-30,7431.0,59.0,7373.0,6967.0,6685.0,7265.285714285715,7019.785714285715,1
2024-05-01,7508.0,105.0,7431.0,7128.0,6725.0,7319.571428571428,7075.714285714285,2
2024-05-02,7577.0,99.0,7508.0,7209.0,6728.0,7372.142857142857,7136.357142857143,3
2024-05-03,7577.0,99.0,7577.0,7209.0,6728.0,7424.714285714285,7197.0,4
2024-05-04,7577.0,99.0,7577.0,7209.0,6728.0,7477.285714285715,7257.642857142857,5
2024-05-05,7447.0,-104.0,7577.0,7298.0,6745.0,7498.571428571428,7307.785714285715,6
2024-05-06,7449.0,6.0,7447.0,7373.0,6799.0,7509.428571428572,7354.214285714285,0
2024-05-07,7566.0,83.0,7449.0,7431.0,6967.0,7528.714285714285,7397.0,1
2024-05-08,7583.0,3.0,7566.0,7508.0,7128.0,7539.428571428572,7429.5,2
2024-05-09,7570.0,24.0,7583.0,7577.0,7209.0,7538.428571428572,7455.285714285715,3
2024-05-10,7570.0,24.0,7570.0,7577.0,7209.0,7537.428571428572,7481.071428571428,4
2024-05-11,7570.0,24.0,7570.0,7577.0,7209.0,7536.428571428572,7506.857142857143,5
2024-05-12,7464.0,18.0,7570.0,7447.0,7298.0,7538.857142857143,7518.714285714285,6
2024-05-13,7499.0,10.0,7464.0,7449.0,7373.0,7546.0,7527.714285714285,0
2024-05-14,7546.0,32.0,7499.0,7566.0,7431.0,7543.142857142857,7535.928571428572,1
2024-05-15,7589.0,76.0,7546.0,7583.0,7508.0,7544.0,7541.714285714285,2
2024-05-16,7565.0,-20.0,7589.0,7570.0,7577.0,7543.285714285715,7540.857142857143,3
2024-05-17,7565.0,-20.0,7565.0,7570.0,7577.0,7542.571428571428,7540.0,4
2024-05-18,7565.0,-20.0,7565.0,7570.0,7577.0,7541.857142857143,7539.142857142857,5
2024-05-19,7356.0,-20.0,7565.0,7464.0,7447.0,7526.428571428572,7532.642857142857,6
2024-05-20,7368.0,25.0,7356.0,7499.0,7449.0,7507.714285714285,7526.857142857143,0
2024-05-21,7404.0,31.0,7368.0,7546.0,7566.0,7487.428571428572,7515.285714285715,1
2024-05-22,7474.0,64.0,7404.0,7589.0,7583.0,7471.0,7507.5,2
2024-05-23,7494.0,87.0,7474.0,7565.0,7570.0,7460.857142857143,7502.071428571428,3
2024-05-24,7494.0,87.0,7494.0,7565.0,7570.0,7450.714285714285,7496.642857142857,4
2024-05-25,7494.0,87.0,7494.0,7565.0,7570.0,7440.571428571428,7491.214285714285,5
2024-05-26,7494.0,87.0,7494.0,7356.0,7464.0,7460.285714285715,7493.357142857143,6
2024-05-27,7365.0,85.0,7494.0,7368.0,7499.0,7459.857142857143,7483.785714285715,0
2024-05-28,7418.0,88.0,7365.0,7404.0,7546.0,7461.857142857143,7474.642857142857,1
2024-05-29,7491.0,17.0,7418.0,7474.0,7589.0,7464.285714285715,7467.642857142857,2
2024-05-30,7563.0,149.0,7491.0,7494.0,7565.0,7474.142857142857,7467.5,3
2024-05-31,7563.0,149.0,7563.0,7494.0,7565.0,7484.0,7467.357142857143,4
2024-06-01,7563.0,149.0,7563.0,7494.0,7565.0,7493.857142857143,7467.214285714285,5
2024-06-02,7546.0,16.0,7563.0,7494.0,7356.0,7501.285714285715,7480.785714285715,6
2024-06-03,7596.0,33.0,7546.0,7365.0,7368.0,7534.285714285715,7497.071428571428,0
2024-06-04,7565.0,-27.0,7596.0,7418.0,7404.0,7555.285714285715,7508.571428571428,1
2024-06-05,7691.0,93.0,7565.0,7491.0,7474.0,7583.857142857143,7524.071428571428,2
2024-06-06,7741.0,44.0,7691.0,7563.0,7494.0,7609.285714285715,7541.714285714285,3
2024-06-07,7741.0,44.0,7741.0,7563.0,7494.0,7634.714285714285,7559.357142857143,4
2024-06-08,7741.0,44.0,7741.0,7563.0,7494.0,7660.142857142857,7577.0,5
2024-06-09,7451.0,-146.0,7741.0,7546.0,7494.0,7646.571428571428,7573.928571428572,6
2024-06-10,7439.0,17.0,7451.0,7596.0,7365.0,7624.142857142857,7579.214285714285,0
2024-06-11,7493.0,68.0,7439.0,7565.0,7418.0,7613.857142857143,7584.571428571428,1
2024-06-12,7548.0,62.0,7493.0,7691.0,7491.0,7593.428571428572,7588.642857142857,2
2024-06-13,7544.0,-29.0,7548.0,7741.0,7563.0,7565.285714285715,7587.285714285715,3
2024-06-14,7544.0,-29.0,7544.0,7741.0,7563.0,7537.142857142857,7585.928571428572,4
2024-06-15,7544.0,-29.0,7544.0,7741.0,7563.0,7509.0,7584.571428571428,5
2024-06-16,7307.0,-61.0,7544.0,7451.0,7546.0,7488.428571428572,7567.5,6
2024-06-17,7318.0,48.0,7307.0,7439.0,7596.0,7471.142857142857,7547.642857142857,0
2024-06-18,7340.0,39.0,7318.0,7493.0,7565.0,7449.285714285715,7531.571428571428,1
2024-06-19,7433.0,48.0,7340.0,7548.0,7691.0,7432.857142857143,7513.142857142857,2
2024-06-20,7431.0,8.0,7433.0,7544.0,7741.0,7416.714285714285,7491.0,3
2024-06-21,7431.0,8.0,7431.0,7544.0,7741.0,7400.571428571428,7468.857142857143,4
2024-06-22,7431.0,8.0,7431.0,7544.0,7741.0,7384.428571428572,7446.714285714285,5
2024-06-23,7247.0,-93.0,7431.0,7307.0,7451.0,7375.857142857143,7432.142857142857,6
2024-06-24,7239.0,-30.0,7247.0,7318.0,7439.0,7364.571428571428,7417.857142857143,0
2024-06-25,7239.0,-11.0,7239.0,7340.0,7493.0,7350.142857142857,7399.714285714285,1
2024-06-26,7268.0,10.0,7239.0,7433.0,7548.0,7326.571428571428,7379.714285714285,2
2024-06-27,7248.0,-12.0,7268.0,7431.0,7544.0,7300.428571428572,7358.571428571428,3
2024-06-28,7248.0,-12.0,7248.0,7431.0,7544.0,7274.285714285715,7337.428571428572,4
2024-06-29,7248.0,-12.0,7248.0,7431.0,7544.0,7248.142857142857,7316.285714285715,5
2024-06-30,6874.0,-106.0,7248.0,7247.0,7307.0,7194.857142857143,7285.357142857143,6
2024-07-01,6825.0,-70.0,6874.0,7239.0,7318.0,7135.714285714285,7250.142857142857,0
2024-07-02,6823.0,4.0,6825.0,7239.0,7340.0,7076.285714285715,7213.214285714285,1
2024-07-03,6823.0,4.0,6823.0,7268.0,7433.0,7012.714285714285,7169.642857142857,2
2024-07-04,6790.0,-34.0,6823.0,7248.0,7431.0,6947.285714285715,7123.857142857143,3
2024-07-05,6790.0,-34.0,6790.0,7248.0,7431.0,6881.857142857143,7078.071428571428,4
2024-07-06,6790.0,-34.0,6790.0,7248.0,7431.0,6816.428571428572,7032.285714285715,5
2024-07-07,6599.0,20.0,6790.0,6874.0,7247.0,6777.142857142857,6986.0,6
2024-07-08,6617.0,6.0,6599.0,6825.0,7239.0,6747.428571428572,6941.571428571428,0
2024-07-09,6651.0,52.0,6617.0,6823.0,7239.0,6722.857142857143,6899.571428571428,1
2024-07-10,6649.0,24.0,6651.0,6823.0,7268.0,6698.0,6855.357142857143,2
2024-07-11,6640.0,-72.0,6649.0,6790.0,7248.0,6676.571428571428,6811.928571428572,3
2024-07-12,6640.0,-72.0,6640.0,6790.0,7248.0,6655.142857142857,6768.5,4
2024-07-13,6640.0,-72.0,6640.0,6790.0,7248.0,6633.714285714285,6725.071428571428,5
2024-07-14,6308.0,-73.0,6640.0,6599.0,6874.0,6592.142857142857,6684.642857142857,6
2024-07-15,6283.0,-13.0,6308.0,6617.0,6825.0,6544.428571428572,6645.928571428572,0
2024-07-16,6239.0,-50.0,6283.0,6651.0,6823.0,6485.571428571428,6604.214285714285,1
2024-07-17,6228.0,-10.0,6239.0,6649.0,6823.0,6425.428571428572,6561.714285714285,2
2024-07-18,6228.0,-10.0,6228.0,6640.0,6790.0,6366.571428571428,6521.571428571428,3
2024-07-19,6228.0,-10.0,6228.0,6640.0,6790.0,6307.714285714285,6481.428571428572,4
2024-07-20,6228.0,-10.0,6228.0,6640.0,6790.0,6248.857142857143,6441.285714285715,5
2024-07-21,6058.0,-57.0,6228.0,6308.0,6599.0,6213.142857142857,6402.642857142857,6
2024-07-22,6002.0,-79.0,6058.0,6283.0,6617.0,6173.0,6358.714285714285,0
2024-07-23,5965.0,-44.0,6002.0,6239.0,6651.0,6133.857142857143,6309.714285714285,1
2024-07-24,5927.0,-11.0,5965.0,6228.0,6649.0,6090.857142857143,6258.142857142857,2
2024-07-25,5954.0,14.0,5927.0,6228.0,6640.0,6051.714285714285,6209.142857142857,3
2024-07-26,5954.0,14.0,5954.0,6228.0,6640.0,6012.571428571428,6160.142857142857,4
2024-07-27,5954.0,14.0,5954.0,6228.0,6640.0,5973.428571428572,6111.142857142857,5
2024-07-28,5743.0,-8.0,5954.0,6058.0,6308.0,5928.428571428572,6070.785714285715,6
2024-07-29,5819.0,56.0,5743.0,6002.0,6283.0,5902.285714285715,6037.642857142857,0
2024-07-30,5930.0,116.0,5819.0,5965.0,6239.0,5897.285714285715,6015.571428571428,1
2024-07-31,5963.0,9.0,5930.0,5927.0,6228.0,5902.428571428572,5996.642857142857,2
2024-08-01,6016.0,43.0,5963.0,5954.0,6228.0,5911.285714285715,5981.5,3
2024-08-02,6016.0,43.0,6016.0,5954.0,6228.0,5920.142857142857,5966.357142857143,4
2024-08-03,6016.0,43.0,6016.0,5954.0,6228.0,5929.0,5951.214285714285,5
2024-08-04,5943.0,-27.0,6016.0,5743.0,6058.0,5957.571428571428,5943.0,6
2024-08-05,5950.0,-12.0,5943.0,5819.0,6002.0,5976.285714285715,5939.285714285715,0
2024-08-06,5998.0,57.0,5950.0,5930.0,5965.0,5986.0,5941.642857142857,1
2024-08-07,6038.0,33.0,5998.0,5963.0,5927.0,5996.714285714285,5949.571428571428,2
2024-08-08,6084.0,39.0,6038.0,6016.0,5954.0,6006.428571428572,5958.857142857143,3
2024-08-09,6084.0,39.0,6084.0,6016.0,5954.0,6016.142857142857,5968.142857142857,4
2024-08-10,6084.0,39.0,6084.0,6016.0,5954.0,6025.857142857143,5977.428571428572,5
2024-08-11,5894.0,-109.0,6084.0,5943.0,5743.0,6018.857142857143,5988.214285714285,6
2024-08-12,5903.0,7.0,5894.0,5950.0,5819.0,6012.142857142857,5994.214285714285,0
2024-08-13,5981.0,66.0,5903.0,5998.0,5930.0,6009.714285714285,5997.857142857143,1
2024-08-14,5987.0,13.0,5981.0,6038.0,5963.0,6002.428571428572,5999.571428571428,2
2024-08-15,5895.0,-64.0,5987.0,6084.0,6016.0,5975.428571428572,5990.928571428572,3
2024-08-16,5895.0,-64.0,5895.0,6084.0,6016.0,5948.428571428572,5982.285714285715,4
2024-08-17,5895.0,-64.0,5895.0,6084.0,6016.0,5921.428571428572,5973.642857142857,5
2024-08-18,5821.0,57.0,5895.0,5894.0,5943.0,5911.0,5964.928571428572,6
2024-08-19,5865.0,4.0,5821.0,5903.0,5950.0,5905.571428571428,5958.857142857143,0
2024-08-20,5995.0,133.0,5865.0,5981.0,5998.0,5907.571428571428,5958.642857142857,1
2024-08-21,6028.0,11.0,5995.0,5987.0,6038.0,5913.428571428572,5957.928571428572,2
2024-08-22,6054.0,34.0,6028.0,5895.0,6084.0,5936.142857142857,5955.785714285715,3
2024-08-23,6054.0,34.0,6054.0,5895.0,6084.0,5958.857142857143,5953.642857142857,4
2024-08-24,6054.0,34.0,6054.0,5895.0,6084.0,5981.571428571428,5951.5,5
2024-08-25,6054.0,34.0,6054.0,5821.0,5894.0,6014.857142857143,5962.928571428572,6
2024-08-26,6054.0,34.0,6054.0,5865.0,5903.0,6041.857142857143,5973.714285714285,0
2024-08-27,6152.0,125.0,6054.0,5995.0,5981.0,6064.285714285715,5985.928571428572,1
2024-08-28,6227.0,44.0,6152.0,6028.0,5987.0,6092.714285714285,6003.071428571428,2
2024-08-29,6250.0,19.0,6227.0,6054.0,5895.0,6120.714285714285,6028.428571428572,3
2024-08-30,6250.0,19.0,6250.0,6054.0,5895.0,6148.714285714285,6053.785714285715,4
2024-08-31,6250.0,19.0,6250.0,6054.0,5895.0,6176.714285714285,6079.142857142857,5
2024-09-01,6250.0,19.0,6250.0,6054.0,5821.0,6204.714285714285,6109.785714285715,6
2024-09-02,6192.0,69.0,6250.0,6054.0,5865.0,6224.428571428572,6133.142857142857,0
2024-09-03,6272.0,65.0,6192.0,6152.0,5995.0,6241.571428571428,6152.928571428572,1
2024-09-04,6375.0,105.0,6272.0,6227.0,6028.0,6262.714285714285,6177.714285714285,2
2024-09-05,6448.0,54.0,6375.0,6250.0,6054.0,6291.0,6205.857142857143,3
2024-09-06,6448.0,54.0,6448.0,6250.0,6054.0,6319.285714285715,6234.0,4
2024-09-07,6448.0,54.0,6448.0,6250.0,6054.0,6347.571428571428,6262.142857142857,5
2024-09-08,6312.0,-57.0,6448.0,6250.0,6054.0,6356.428571428572,6280.571428571428,6
2024-09-09,6353.0,49.0,6312.0,6192.0,6054.0,6379.428571428572,6301.928571428572,0
2024-09-10,6396.0,32.0,6353.0,6272.0,6152.0,6397.142857142857,6319.357142857143,1
2024-09-11,6410.0,13.0,6396.0,6375.0,6227.0,6402.142857142857,6332.428571428572,2
2024-09-12,6360.0,-10.0,6410.0,6448.0,6250.0,6389.571428571428,6340.285714285715,3
2024-09-13,6326.0,-67.0,6360.0,6448.0,6250.0,6372.142857142857,6345.714285714285,4
2024-09-14,6326.0,-67.0,6326.0,6448.0,6250.0,6354.714285714285,6351.142857142857,5
2024-09-15,6234.0,-43.0,6326.0,6312.0,6250.0,6343.571428571428,6350.0,6
2024-09-16,6229.0,-4.0,6234.0,6353.0,6192.0,6325.857142857143,6352.642857142857,0
2024-09-17,6227.0,-21.0,6229.0,6396.0,6272.0,6301.714285714285,6349.428571428572,1
2024-09-18,6245.0,68.0,6227.0,6410.0,6375.0,6278.142857142857,6340.142857142857,2
2024-09-19,6270.0,-19.0,6245.0,6360.0,6448.0,6265.285714285715,6327.428571428572,3
2024-09-20,6270.0,-19.0,6270.0,6326.0,6448.0,6257.285714285715,6314.714285714285,4
2024-09-21,6270.0,-19.0,6270.0,6326.0,6448.0,6249.285714285715,6302.0,5
2024-09-22,5989.0,-36.0,6270.0,6234.0,6312.0,6214.285714285715,6278.928571428572,6
2024-09-23,6002.0,8.0,5989.0,6229.0,6353.0,6181.857142857143,6253.857142857143,0
2024-09-24,6023.0,29.0,6002.0,6227.0,6396.0,6152.714285714285,6227.214285714285,1
2024-09-25,6050.0,51.0,6023.0,6245.0,6410.0,6124.857142857143,6201.5,2
2024-09-26,6090.0,-13.0,6050.0,6270.0,6360.0,6099.142857142857,6182.214285714285,3
2024-09-27,6090.0,-13.0,6090.0,6270.0,6326.0,6073.428571428572,6165.357142857143,4
2024-09-28,6090.0,-13.0,6090.0,6270.0,6326.0,6047.714285714285,6148.5,5
2024-09-29,5925.0,-24.0,6090.0,5989.0,6234.0,6038.571428571428,6126.428571428572,6
2024-09-30,5967.0,46.0,5925.0,6002.0,6229.0,6033.571428571428,6107.714285714285,0
2024-10-01,6040.0,80.0,5967.0,6023.0,6227.0,6036.0,6094.357142857143,1
2024-10-02,6091.0,57.0,6040.0,6050.0,6245.0,6041.857142857143,6083.357142857143,2
2024-10-03,6118.0,-15.0,6091.0,6090.0,6270.0,6045.857142857143,6072.5,3
2024-10-04,6118.0,-15.0,6118.0,6090.0,6270.0,6049.857142857143,6061.642857142857,4
2024-10-05,6118.0,-15.0,6118.0,6090.0,6270.0,6053.857142857143,6050.785714285715,5
2024-10-06,6118.0,-15.0,6118.0,5925.0,5989.0,6081.428571428572,6060.0,6
2024-10-07,5968.0,23.0,6118.0,5967.0,6002.0,6081.571428571428,6057.571428571428,0
2024-10-08,6013.0,43.0,5968.0,6040.0,6023.0,6077.714285714285,6056.857142857143,1
2024-10-09,6047.0,32.0,6013.0,6091.0,6050.0,6071.428571428572,6056.642857142857,2
2024-10-10,6075.0,34.0,6047.0,6118.0,6090.0,6065.285714285715,6055.571428571428,3
2024-10-11,6075.0,34.0,6075.0,6118.0,6090.0,6059.142857142857,6054.5,4
2024-10-12,6075.0,34.0,6075.0,6118.0,6090.0,6053.0,6053.428571428572,5
2024-10-13,5889.0,-18.0,6075.0,6118.0,5925.0,6020.285714285715,6050.857142857143,6
2024-10-14,5935.0,54.0,5889.0,5968.0,5967.0,6015.571428571428,6048.571428571428,0
2024-10-15,6013.0,52.0,5935.0,6013.0,6040.0,6015.571428571428,6046.642857142857,1
2024-10-16,6036.0,21.0,6013.0,6047.0,6091.0,6014.0,6042.714285714285,2
2024-10-17,6076.0,46.0,6036.0,6075.0,6118.0,6014.142857142857,6039.714285714285,3
2024-10-18,6076.0,46.0,6076.0,6075.0,6118.0,6014.285714285715,6036.714285714285,4
2024-10-19,6076.0,46.0,6076.0,6075.0,6118.0,6014.428571428572,6033.714285714285,5
2024-10-20,5918.0,19.0,6076.0,5889.0,6118.0,6018.571428571428,6019.428571428572,6
2024-10-21,5966.0,59.0,5918.0,5935.0,5968.0,6023.0,6019.285714285715,0
2024-10-22,6043.0,37.0,5966.0,6013.0,6013.0,6027.285714285715,6021.428571428572,1
2024-10-23,6077.0,48.0,6043.0,6036.0,6047.0,6033.142857142857,6023.571428571428,2
2024-10-24,6077.0,48.0,6077.0,6076.0,6075.0,6033.285714285715,6023.714285714285,3
2024-10-25,6077.0,48.0,6077.0,6076.0,6075.0,6033.428571428572,6023.857142857143,4
2024-10-26,6077.0,48.0,6077.0,6076.0,6075.0,6033.571428571428,6024.0,5
2024-10-27,5974.0,-34.0,6077.0,5918.0,5889.0,6041.571428571428,6030.071428571428,6
2024-10-28,6008.0,37.0,5974.0,5966.0,5935.0,6047.571428571428,6035.285714285715,0
2024-10-29,6106.0,103.0,6008.0,6043.0,6013.0,6056.571428571428,6041.928571428572,1
2024-10-30,6149.0,18.0,6106.0,6077.0,6036.0,6066.857142857143,6050.0,2
2024-10-31,6148.0,-4.0,6149.0,6077.0,6076.0,6077.0,6055.142857142857,3
2024-11-01,6148.0,-4.0,6148.0,6077.0,6076.0,6087.142857142857,6060.285714285715,4
2024-11-02,6148.0,-4.0,6148.0,6077.0,6076.0,6097.285714285715,6065.428571428572,5
2024-11-03,5990.0,-27.0,6148.0,5974.0,5918.0,6099.571428571428,6070.571428571428,6
2024-11-04,6007.0,25.0,5990.0,6008.0,5966.0,6099.428571428572,6073.5,0
2024-11-05,6045.0,33.0,6007.0,6106.0,6043.0,6090.714285714285,6073.642857142857,1
2024-11-06,6086.0,39.0,6045.0,6149.0,6077.0,6081.714285714285,6074.285714285715,2
2024-11-07,6084.0,15.0,6086.0,6148.0,6077.0,6072.571428571428,6074.785714285715,3
2024-11-08,6084.0,15.0,6084.0,6148.0,6077.0,6063.428571428572,6075.285714285715,4
2024-11-09,6084.0,15.0,6084.0,6148.0,6077.0,6054.285714285715,6075.785714285715,5
2024-11-10,6084.0,15.0,6084.0,5990.0,5974.0,6067.714285714285,6083.642857142857,6
2024-11-11,5963.0,23.0,6084.0,6007.0,6008.0,6061.428571428572,6080.428571428572,0
2024-11-12,5975.0,1.0,5963.0,6045.0,6106.0,6051.428571428572,6071.071428571428,1
2024-11-13,5966.0,24.0,5975.0,6086.0,6149.0,6034.285714285715,6058.0,2
2024-11-14,6025.0,38.0,5966.0,6084.0,6148.0,6025.857142857143,6049.214285714285,3
2024-11-15,6025.0,38.0,6025.0,6084.0,6148.0,6017.428571428572,6040.428571428572,4
2024-11-16,6025.0,38.0,6025.0,6084.0,6148.0,6009.0,6031.642857142857,5
2024-11-17,5816.0,-46.0,6025.0,6084.0,5990.0,5970.714285714285,6019.214285714285,6
2024-11-18,5819.0,25.0,5816.0,5963.0,6007.0,5950.142857142857,6005.785714285715,0
2024-11-19,5844.0,6.0,5819.0,5975.0,6045.0,5931.428571428572,5991.428571428572,1
2024-11-20,5879.0,33.0,5844.0,5966.0,6086.0,5919.0,5976.642857142857,2
2024-11-21,5850.0,-37.0,5879.0,6025.0,6084.0,5894.0,5959.928571428572,3
2024-11-22,5850.0,-37.0,5850.0,6025.0,6084.0,5869.0,5943.214285714285,4
2024-11-23,5850.0,-37.0,5850.0,6025.0,6084.0,5844.0,5926.5,5
2024-11-24,5664.0,-15.0,5850.0,5816.0,6084.0,5822.285714285715,5896.5,6
2024-11-25,5715.0,67.0,5664.0,5819.0,5963.0,5807.428571428572,5878.785714285715,0
2024-11-26,5826.0,102.0,5715.0,5844.0,5975.0,5804.857142857143,5868.142857142857,1
2024-11-27,5862.0,13.0,5826.0,5879.0,5966.0,5802.428571428572,5860.714285714285,2
2024-11-28,5963.0,94.0,5862.0,5850.0,6025.0,5818.571428571428,5856.285714285715,3
2024-11-29,5963.0,94.0,5963.0,5850.0,6025.0,5834.714285714285,5851.857142857143,4
2024-11-30,5963.0,94.0,5963.0,5850.0,6025.0,5850.857142857143,5847.428571428572,5
2024-12-01,5986.0,38.0,5963.0,5664.0,5816.0,5896.857142857143,5859.571428571428,6
2024-12-02,6061.0,107.0,5986.0,5715.0,5819.0,5946.285714285715,5876.857142857143,0
2024-12-03,6192.0,135.0,6061.0,5826.0,5844.0,5998.571428571428,5901.714285714285,1
2024-12-04,6269.0,45.0,6192.0,5862.0,5879.0,6056.714285714285,5929.571428571428,2
2024-12-05,6310.0,58.0,6269.0,5963.0,5850.0,6106.285714285715,5962.428571428572,3
2024-12-06,6310.0,58.0,6310.0,5963.0,5850.0,6155.857142857143,5995.285714285715,4
2024-12-07,6310.0,58.0,6310.0,5963.0,5850.0,6205.428571428572,6028.142857142857,5
2024-12-08,6286.0,11.0,6310.0,5986.0,5664.0,6248.285714285715,6072.571428571428,6
2024-12-09,6268.0,-22.0,6286.0,6061.0,5715.0,6277.857142857143,6112.071428571428,0
2024-12-10,6310.0,64.0,6268.0,6192.0,5826.0,6294.714285714285,6146.642857142857,1
2024-12-11,6402.0,80.0,6310.0,6269.0,5862.0,6313.714285714285,6185.214285714285,2
2024-12-12,6481.0,92.0,6402.0,6310.0,5963.0,6338.142857142857,6222.214285714285,3
2024-12-13,6481.0,92.0,6481.0,6310.0,5963.0,6362.571428571428,6259.214285714285,4
2024-12-14,6481.0,92.0,6481.0,6310.0,5963.0,6387.0,6296.214285714285,5
2024-12-15,6408.0,-5.0,6481.0,6286.0,5986.0,6404.428571428572,6326.357142857143,6
2024-12-16,6454.0,40.0,6408.0,6268.0,6061.0,6431.0,6354.428571428572,0
2024-12-17,6506.0,96.0,6454.0,6310.0,6192.0,6459.0,6376.857142857143,1
2024-12-18,6598.0,76.0,6506.0,6402.0,6269.0,6487.0,6400.357142857143,2
2024-12-19,6600.0,-34.0,6598.0,6481.0,6310.0,6504.0,6421.071428571428,3
2024-12-20,6600.0,-34.0,6600.0,6481.0,6310.0,6521.0,6441.785714285715,4
2024-12-21,6600.0,-34.0,6600.0,6481.0,6310.0,6538.0,6462.5,5
2024-12-22,6595.0,-32.0,6600.0,6408.0,6286.0,6564.714285714285,6484.571428571428,6
2024-12-23,6548.0,-54.0,6595.0,6454.0,6268.0,6578.142857142857,6504.571428571428,0
2024-12-24,6622.0,56.0,6548.0,6506.0,6310.0,6594.714285714285,6526.857142857143,1
2024-12-25,6689.0,86.0,6622.0,6598.0,6402.0,6607.714285714285,6547.357142857143,2
2024-12-26,6707.0,17.0,6689.0,6600.0,6481.0,6623.0,6563.5,3
2024-12-27,6707.0,17.0,6707.0,6600.0,6481.0,6638.285714285715,6579.642857142857,4
2024-12-28,6707.0,17.0,6707.0,6600.0,6481.0,6653.571428571428,6595.785714285715,5
2024-12-29,6465.0,-83.0,6707.0,6595.0,6408.0,6635.0,6599.857142857143,6
2024-12-30,6454.0,-38.0,6465.0,6548.0,6454.0,6621.571428571428,6599.857142857143,0
2024-12-31,6454.0,-38.0,6454.0,6622.0,6506.0,6597.571428571428,6596.142857142857,1
2025-01-01,6405.0,-50.0,6454.0,6689.0,6598.0,6557.0,6582.357142857143,2
2025-01-02,6292.0,-117.0,6405.0,6707.0,6600.0,6497.714285714285,6560.357142857143,3
2025-01-03,6292.0,-117.0,6292.0,6707.0,6600.0,6438.428571428572,6538.357142857143,4
2025-01-04,6292.0,-117.0,6292.0,6707.0,6600.0,6379.142857142857,6516.357142857143,5
2025-01-05,5882.0,-121.0,6292.0,6465.0,6595.0,6295.857142857143,6465.428571428572,6
2025-01-06,5769.0,-119.0,5882.0,6454.0,6548.0,6198.0,6409.785714285715,0
2025-01-07,5703.0,-68.0,5769.0,6454.0,6622.0,6090.714285714285,6344.142857142857,1
2025-01-08,5605.0,-102.0,5703.0,6405.0,6689.0,5976.428571428572,6266.714285714285,2
2025-01-09,5507.0,-96.0,5605.0,6292.0,6707.0,5864.285714285715,6181.0,3
2025-01-10,5507.0,-96.0,5507.0,6292.0,6707.0,5752.142857142857,6095.285714285715,4
2025-01-11,5507.0,-96.0,5507.0,6292.0,6707.0,5640.0,6009.571428571428,5
2025-01-12,5092.0,-155.0,5507.0,5882.0,6465.0,5527.142857142857,5911.5,6
2025-01-13,5019.0,-79.0,5092.0,5769.0,6454.0,5420.0,5809.0,0
2025-01-14,4957.0,-46.0,5019.0,5703.0,6454.0,5313.428571428572,5702.071428571428,1
2025-01-15,4903.0,-57.0,4957.0,5605.0,6405.0,5213.142857142857,5594.785714285715,2
2025-01-16,4881.0,-28.0,4903.0,5507.0,6292.0,5123.714285714285,5494.0,3
2025-01-17,4881.0,-28.0,4881.0,5507.0,6292.0,5034.285714285715,5393.214285714285,4
2025-01-18,4881.0,-28.0,4881.0,5507.0,6292.0,4944.857142857143,5292.428571428572,5
2025-01-19,4628.0,-8.0,4881.0,5092.0,5882.0,4878.571428571428,5202.857142857143,6
2025-01-20,4638.0,9.0,4628.0,5019.0,5769.0,4824.142857142857,5122.071428571428,0
2025-01-21,4728.0,63.0,4638.0,4957.0,5703.0,4791.428571428572,5052.428571428572,1
2025-01-22,4717.0,-31.0,4728.0,4903.0,5605.0,4764.857142857143,4989.0,2
2025-01-23,4621.0,-77.0,4717.0,4881.0,5507.0,4727.714285714285,4925.714285714285,3
2025-01-24,4621.0,-77.0,4621.0,4881.0,5507.0,4690.571428571428,4862.428571428572,4
2025-01-25,4621.0,-77.0,4621.0,4881.0,5507.0,4653.428571428572,4799.142857142857,5
2025-01-26,4241.0,-171.0,4621.0,4628.0,5092.0,4598.142857142857,4738.357142857143,6
2025-01-27,4161.0,-93.0,4241.0,4638.0,5019.0,4530.0,4677.071428571428,0
2025-01-28,4096.0,-62.0,4161.0,4728.0,4957.0,4439.714285714285,4615.571428571428,1
2025-01-29,4036.0,-60.0,4096.0,4717.0,4903.0,4342.428571428572,4553.642857142857,2
2025-01-30,3923.0,-112.0,4036.0,4621.0,4881.0,4242.714285714285,4485.214285714285,3
2025-01-31,3923.0,-112.0,3923.0,4621.0,4881.0,4143.0,4416.785714285715,4
2025-02-01,3923.0,-112.0,3923.0,4621.0,4881.0,4043.285714285714,4348.357142857143,5
2025-02-02,3483.0,-127.0,3923.0,4241.0,4628.0,3935.0,4266.571428571428,6
2025-02-03,3403.0,-91.0,3483.0,4161.0,4638.0,3826.714285714286,4178.357142857143,0
2025-02-04,3359.0,-45.0,3403.0,4096.0,4728.0,3721.4285714285716,4080.5714285714284,1
2025-02-05,3290.0,-68.0,3359.0,4036.0,4717.0,3614.8571428571427,3978.6428571428573,2
2025-02-06,3181.0,-118.0,3290.0,3923.0,4621.0,3508.8571428571427,3875.785714285714,3
2025-02-07,3181.0,-118.0,3181.0,3923.0,4621.0,3402.8571428571427,3772.9285714285716,4
2025-02-08,3181.0,-118.0,3181.0,3923.0,4621.0,3296.8571428571427,3670.0714285714284,5
2025-02-09,2878.0,-76.0,3181.0,3483.0,4241.0,3210.4285714285716,3572.714285714286,6
2025-02-10,2834.0,-48.0,2878.0,3403.0,4161.0,3129.1428571428573,3477.9285714285716,0
2025-02-11,2799.0,-38.0,2834.0,3359.0,4096.0,3049.1428571428573,3385.285714285714,1
2025-02-12,2752.0,-46.0,2799.0,3290.0,4036.0,2972.285714285714,3293.5714285714284,2
2025-02-13,2703.0,-49.0,2752.0,3181.0,3923.0,2904.0,3206.4285714285716,3
2025-02-14,2703.0,-49.0,2703.0,3181.0,3923.0,2835.714285714286,3119.285714285714,4
2025-02-15,2703.0,-49.0,2703.0,3181.0,3923.0,2767.4285714285716,3032.1428571428573,5
2025-02-16,2703.0,-49.0,2703.0,2878.0,3483.0,2742.4285714285716,2976.4285714285716,6
2025-02-17,2532.0,-1.0,2703.0,2834.0,3403.0,2699.285714285714,2914.214285714286,0
2025-02-18,2536.0,2.0,2532.0,2799.0,3359.0,2661.714285714286,2855.4285714285716,1
2025-02-19,2528.0,-2.0,2536.0,2752.0,3290.0,2629.714285714286,2801.0,2
2025-02-20,2520.0,-17.0,2528.0,2703.0,3181.0,2603.5714285714284,2753.785714285714,3
2025-02-21,2520.0,-17.0,2520.0,2703.0,3181.0,2577.4285714285716,2706.5714285714284,4
2025-02-22,2520.0,-17.0,2520.0,2703.0,3181.0,2551.285714285714,2659.3571428571427,5
2025-02-23,2423.0,-27.0,2520.0,2703.0,2878.0,2511.285714285714,2626.8571428571427,6
2025-02-24,2413.0,-10.0,2423.0,2532.0,2834.0,2494.285714285714,2596.785714285714,0
2025-02-25,2413.0,-16.0,2413.0,2536.0,2799.0,2476.714285714286,2569.214285714286,1
2025-02-26,2411.0,-22.0,2413.0,2528.0,2752.0,2460.0,2544.8571428571427,2
2025-02-27,2391.0,-20.0,2411.0,2520.0,2703.0,2441.5714285714284,2522.5714285714284,3
2025-02-28,2391.0,-20.0,2391.0,2520.0,2703.0,2423.1428571428573,2500.285714285714,4
2025-03-01,2391.0,-20.0,2391.0,2520.0,2703.0,2404.714285714286,2478.0,5
2025-03-02,2297.0,-27.0,2391.0,2423.0,2703.0,2386.714285714286,2449.0,6
2025-03-03,2287.0,-7.0,2297.0,2413.0,2532.0,2368.714285714286,2431.5,0
2025-03-04,2272.0,-20.0,2287.0,2413.0,2536.0,2348.5714285714284,2412.6428571428573,1
2025-03-05,2238.0,-36.0,2272.0,2411.0,2528.0,2323.8571428571427,2391.9285714285716,2
2025-03-06,2218.0,-27.0,2238.0,2391.0,2520.0,2299.1428571428573,2370.3571428571427,3
2025-03-07,2218.0,-27.0,2218.0,2391.0,2520.0,2274.4285714285716,2348.785714285714,4
2025-03-08,2218.0,-27.0,2218.0,2391.0,2520.0,2249.714285714286,2327.214285714286,5
2025-03-09,2137.0,-15.0,2218.0,2297.0,2423.0,2226.8571428571427,2306.785714285714,6
2025-03-10,2125.0,-15.0,2137.0,2287.0,2413.0,2203.714285714286,2286.214285714286,0
2025-03-11,2116.0,-13.0,2125.0,2272.0,2413.0,2181.4285714285716,2265.0,1
2025-03-12,2113.0,-6.0,2116.0,2238.0,2411.0,2163.5714285714284,2243.714285714286,2
2025-03-13,2116.0,3.0,2113.0,2218.0,2391.0,2149.0,2224.0714285714284,3
2025-03-14,2116.0,3.0,2116.0,2218.0,2391.0,2134.4285714285716,2204.4285714285716,4
2025-03-15,2116.0,3.0,2116.0,2218.0,2391.0,2119.8571428571427,2184.785714285714,5
2025-03-16,2117.0,3.0,2116.0,2137.0,2297.0,2117.0,2171.9285714285716,6
2025-03-17,2111.0,-8.0,2117.0,2125.0,2287.0,2115.0,2159.3571428571427,0
2025-03-18,2109.0,-2.0,2111.0,2116.0,2272.0,2114.0,2147.714285714286,1
2025-03-19,2119.0,5.0,2109.0,2113.0,2238.0,2114.8571428571427,2139.214285714286,2
2025-03-20,2124.0,4.0,2119.0,2116.0,2218.0,2116.0,2132.5,3
2025-03-21,2124.0,4.0,2124.0,2116.0,2218.0,2117.1428571428573,2125.785714285714,4
2025-03-22,2124.0,4.0,2124.0,2116.0,2218.0,2118.285714285714,2119.0714285714284,5
2025-03-23,2136.0,7.0,2124.0,2117.0,2137.0,2121.0,2119.0,6
2025-03-24,2139.0,4.0,2136.0,2111.0,2125.0,2125.0,2120.0,0
2025-03-25,2145.0,1.0,2139.0,2109.0,2116.0,2130.1428571428573,2122.0714285714284,1
2025-03-26,2159.0,13.0,2145.0,2119.0,2113.0,2135.8571428571427,2125.3571428571427,2
2025-03-27,2159.0,11.0,2159.0,2124.0,2116.0,2140.8571428571427,2128.4285714285716,3
2025-03-28,2159.0,11.0,2159.0,2124.0,2116.0,2145.8571428571427,2131.5,4
2025-03-29,2159.0,11.0,2159.0,2124.0,2116.0,2150.8571428571427,2134.5714285714284,5
2025-03-30,2188.0,3.0,2159.0,2136.0,2117.0,2158.285714285714,2139.6428571428573,6
2025-03-31,2193.0,3.0,2188.0,2139.0,2111.0,2166.0,2145.5,0
2025-04-01,2191.0,-5.0,2193.0,2145.0,2109.0,2172.5714285714284,2151.3571428571427,1
2025-04-02,2208.0,13.0,2191.0,2159.0,2119.0,2179.5714285714284,2157.714285714286,2
2025-04-03,2223.0,10.0,2208.0,2159.0,2124.0,2188.714285714286,2164.785714285714,3
2025-04-04,2223.0,10.0,2223.0,2159.0,2124.0,2197.8571428571427,2171.8571428571427,4
2025-04-05,2223.0,10.0,2223.0,2159.0,2124.0,2207.0,2178.9285714285716,5
2025-04-06,2234.0,-4.0,2223.0,2188.0,2136.0,2213.5714285714284,2185.9285714285716,6
2025-04-07,2237.0,4.0,2234.0,2193.0,2139.0,2219.8571428571427,2192.9285714285716,0
2025-04-08,2243.0,3.0,2237.0,2191.0,2145.0,2227.285714285714,2199.9285714285716,1
2025-04-09,2251.0,5.0,2243.0,2208.0,2159.0,2233.4285714285716,2206.5,2
2025-04-10,2265.0,11.0,2251.0,2223.0,2159.0,2239.4285714285716,2214.0714285714284,3
2025-04-11,2267.0,-1.0,2265.0,2223.0,2159.0,2245.714285714286,2221.785714285714,4
2025-04-12,2267.0,-1.0,2267.0,2223.0,2159.0,2252.0,2229.5,5
2025-04-13,2283.0,7.0,2267.0,2234.0,2188.0,2259.0,2236.285714285714,6
2025-04-14,2282.0,-4.0,2283.0,2237.0,2193.0,2265.4285714285716,2242.6428571428573,0
2025-04-15,2286.0,5.0,2282.0,2243.0,2191.0,2271.5714285714284,2249.4285714285716,1
2025-04-16,2291.0,-3.0,2286.0,2251.0,2208.0,2277.285714285714,2255.3571428571427,2
2025-04-17,2288.0,-4.0,2291.0,2265.0,2223.0,2280.5714285714284,2260.0,3
2025-04-18,2288.0,-4.0,2288.0,2267.0,2223.0,2283.5714285714284,2264.6428571428573,4
2025-04-19,2288.0,-4.0,2288.0,2267.0,2223.0,2286.5714285714284,2269.285714285714,5
2025-04-20,2305.0,2.0,2288.0,2283.0,2234.0,2289.714285714286,2274.3571428571427,6
2025-04-21,2308.0,-1.0,2305.0,2282.0,2237.0,2293.4285714285716,2279.4285714285716,0
2025-04-22,2305.0,-3.0,2308.0,2286.0,2243.0,2296.1428571428573,2283.8571428571427,1
2025-04-23,2300.0,-7.0,2305.0,2291.0,2251.0,2297.4285714285716,2287.3571428571427,2
2025-04-24,2294.0,-6.0,2300.0,2288.0,2265.0,2298.285714285714,2289.4285714285716,3
2025-04-25,2294.0,-6.0,2294.0,2288.0,2267.0,2299.1428571428573,2291.3571428571427,4
2025-04-26,2294.0,-6.0,2294.0,2288.0,2267.0,2300.0,2293.285714285714,5
2025-04-27,2301.0,8.0,2294.0,2305.0,2283.0,2299.4285714285716,2294.5714285714284,6
2025-04-28,2307.0,4.0,2301.0,2308.0,2282.0,2299.285714285714,2296.3571428571427,0
2025-04-29,2304.0,-4.0,2307.0,2305.0,2286.0,2299.1428571428573,2297.6428571428573,1
2025-04-30,2309.0,-3.0,2304.0,2300.0,2291.0,2300.4285714285716,2298.9285714285716,2
2025-05-01,2306.0,-2.0,2309.0,2294.0,2288.0,2302.1428571428573,2300.214285714286,3
2025-05-02,2306.0,-2.0,2306.0,2294.0,2288.0,2303.8571428571427,2301.5,4
2025-05-03,2306.0,-2.0,2306.0,2294.0,2288.0,2305.5714285714284,2302.785714285714,5
2025-05-04,2335.0,5.0,2306.0,2301.0,2305.0,2310.4285714285716,2304.9285714285716,6
2025-05-05,2331.0,3.0,2335.0,2307.0,2308.0,2313.8571428571427,2306.5714285714284,0
2025-05-06,2339.0,0.0,2331.0,2304.0,2305.0,2318.8571428571427,2309.0,1
2025-05-07,2335.0,5.0,2339.0,2309.0,2300.0,2322.5714285714284,2311.5,2
2025-05-08,2361.0,5.0,2335.0,2306.0,2294.0,2330.4285714285716,2316.285714285714,3
2025-05-09,2361.0,5.0,2361.0,2306.0,2294.0,2338.285714285714,2321.0714285714284,4
2025-05-10,2361.0,5.0,2361.0,2306.0,2294.0,2346.1428571428573,2325.8571428571427,5
2025-05-11,2385.0,9.0,2361.0,2335.0,2301.0,2353.285714285714,2331.8571428571427,6
2025-05-12,2392.0,7.0,2385.0,2331.0,2307.0,2362.0,2337.9285714285716,0
2025-05-13,2394.0,1.0,2392.0,2339.0,2304.0,2369.8571428571427,2344.3571428571427,1
2025-05-14,2394.0,3.0,2394.0,2335.0,2309.0,2378.285714285714,2350.4285714285716,2
2025-05-15,2410.0,0.0,2394.0,2361.0,2306.0,2385.285714285714,2357.8571428571427,3
2025-05-16,2410.0,0.0,2410.0,2361.0,2306.0,2392.285714285714,2365.285714285714,4
2025-05-17,2410.0,0.0,2410.0,2361.0,2306.0,2399.285714285714,2372.714285714286,5
2025-05-18,2437.0,5.0,2410.0,2385.0,2335.0,2406.714285714286,2380.0,6
2025-05-19,2457.0,11.0,2437.0,2392.0,2331.0,2416.0,2389.0,0
2025-05-20,2457.0,11.0,2457.0,2394.0,2339.0,2425.0,2397.4285714285716,1
2025-05-21,2467.0,-5.0,2457.0,2394.0,2335.0,2435.4285714285716,2406.8571428571427,2
2025-05-22,2473.0,2.0,2467.0,2410.0,2361.0,2444.4285714285716,2414.8571428571427,3
2025-05-23,2473.0,2.0,2473.0,2410.0,2361.0,2453.4285714285716,2422.8571428571427,4
2025-05-24,2473.0,2.0,2473.0,2410.0,2361.0,2462.4285714285716,2430.8571428571427,5
2025-05-25,2473.0,2.0,2473.0,2437.0,2385.0,2467.5714285714284,2437.1428571428573,6
2025-05-26,2473.0,2.0,2473.0,2457.0,2392.0,2469.8571428571427,2442.9285714285716,0
2025-05-27,2504.0,-4.0,2473.0,2457.0,2394.0,2476.5714285714284,2450.785714285714,1
2025-05-28,2499.0,-2.0,2504.0,2467.0,2394.0,2481.1428571428573,2458.285714285714,2
2025-05-29,2506.0,4.0,2499.0,2473.0,2410.0,2485.8571428571427,2465.1428571428573,3
2025-05-30,2506.0,4.0,2506.0,2473.0,2410.0,2490.5714285714284,2472.0,4
2025-05-31,2506.0,4.0,2506.0,2473.0,2410.0,2495.285714285714,2478.8571428571427,5
2025-06-01,2528.0,4.0,2506.0,2473.0,2437.0,2503.1428571428573,2485.3571428571427,6
2025-06-02,2518.0,-11.0,2528.0,2473.0,2457.0,2509.5714285714284,2489.714285714286,0
2025-06-03,2519.0,-4.0,2518.0,2504.0,2457.0,2511.714285714286,2494.1428571428573,1
2025-06-04,2516.0,-7.0,2519.0,2499.0,2467.0,2514.1428571428573,2497.6428571428573,2
2025-06-05,2503.0,-16.0,2516.0,2506.0,2473.0,2513.714285714286,2499.785714285714,3
2025-06-06,2503.0,-16.0,2503.0,2506.0,2473.0,2513.285714285714,2501.9285714285716,4
2025-06-07,2503.0,-16.0,2503.0,2506.0,2473.0,2512.8571428571427,2504.0714285714284,5
2025-06-08,2507.0,2.0,2503.0,2528.0,2473.0,2509.8571428571427,2506.5,6
2025-06-09,2516.0,5.0,2507.0,2518.0,2473.0,2509.5714285714284,2509.5714285714284,0
2025-06-10,2511.0,-5.0,2516.0,2519.0,2504.0,2508.4285714285716,2510.0714285714284,1
2025-06-11,2511.0,-5.0,2511.0,2516.0,2499.0,2507.714285714286,2510.9285714285716,2
2025-06-12,2511.0,-5.0,2511.0,2503.0,2506.0,2508.8571428571427,2511.285714285714,3
2025-06-13,2511.0,-5.0,2511.0,2503.0,2506.0,2510.0,2511.6428571428573,4
2025-06-14,2511.0,-5.0,2511.0,2503.0,2506.0,2511.1428571428573,2512.0,5
2025-06-15,2511.0,-5.0,2511.0,2507.0,2528.0,2511.714285714286,2510.785714285714,6
2025-06-16,2511.0,-5.0,2511.0,2516.0,2518.0,2511.0,2510.285714285714,0
2025-06-17,2523.0,-4.0,2511.0,2511.0,2519.0,2512.714285714286,2510.5714285714284,1
2025-06-18,2523.0,-4.0,2523.0,2511.0,2516.0,2514.4285714285716,2511.0714285714284,2
2025-06-19,2501.0,-11.0,2523.0,2511.0,2503.0,2513.0,2510.9285714285716,3
2025-06-20,2501.0,-11.0,2501.0,2511.0,2503.0,2511.5714285714284,2510.785714285714,4
2025-06-21,2501.0,-11.0,2501.0,2511.0,2503.0,2510.1428571428573,2510.6428571428573,5
2025-06-22,2508.0,-2.0,2501.0,2511.0,2507.0,2509.714285714286,2510.714285714286,6
2025-06-23,2495.0,-12.0,2508.0,2511.0,2516.0,2507.4285714285716,2509.214285714286,0
2025-06-24,2489.0,-11.0,2495.0,2523.0,2511.0,2502.5714285714284,2507.6428571428573,1
2025-06-25,2470.0,-22.0,2489.0,2523.0,2511.0,2495.0,2504.714285714286,2
2025-06-26,2447.0,-28.0,2470.0,2501.0,2511.0,2487.285714285714,2500.1428571428573,3
2025-06-27,2447.0,-28.0,2447.0,2501.0,2511.0,2479.5714285714284,2495.5714285714284,4
2025-06-28,2447.0,-28.0,2447.0,2501.0,2511.0,2471.8571428571427,2491.0,5
2025-06-29,2413.0,-13.0,2447.0,2508.0,2511.0,2458.285714285714,2484.0,6
2025-06-30,2407.0,-8.0,2413.0,2495.0,2511.0,2445.714285714286,2476.5714285714284,0
2025-07-01,2391.0,-16.0,2407.0,2489.0,2523.0,2431.714285714286,2467.1428571428573,1
2025-07-02,2373.0,-29.0,2391.0,2470.0,2523.0,2417.8571428571427,2456.4285714285716,2
2025-07-03,2373.0,-29.0,2373.0,2447.0,2501.0,2407.285714285714,2447.285714285714,3
2025-07-04,2373.0,-29.0,2373.0,2447.0,2501.0,2396.714285714286,2438.1428571428573,4
2025-07-05,2373.0,-29.0,2373.0,2447.0,2501.0,2386.1428571428573,2429.0,5
2025-07-06,2332.0,-6.0,2373.0,2413.0,2508.0,2374.5714285714284,2416.4285714285716,6
2025-07-07,2317.0,-12.0,2332.0,2407.0,2495.0,2361.714285714286,2403.714285714286,0
2025-07-08,2306.0,-12.0,2317.0,2391.0,2489.0,2349.5714285714284,2390.6428571428573,1
2025-07-09,2281.0,-32.0,2306.0,2373.0,2470.0,2336.4285714285716,2377.1428571428573,2
2025-07-10,2252.0,-36.0,2281.0,2373.0,2447.0,2319.1428571428573,2363.214285714286,3
2025-07-11,2252.0,-36.0,2252.0,2373.0,2447.0,2301.8571428571427,2349.285714285714,4
2025-07-12,2252.0,-36.0,2252.0,2373.0,2447.0,2284.5714285714284,2335.3571428571427,5
2025-07-13,2204.0,-6.0,2252.0,2332.0,2413.0,2266.285714285714,2320.4285714285716,6
2025-07-14,2181.0,-25.0,2204.0,2317.0,2407.0,2246.8571428571427,2304.285714285714,0
2025-07-15,2171.0,-12.0,2181.0,2306.0,2391.0,2227.5714285714284,2288.5714285714284,1
2025-07-16,2164.0,-11.0,2171.0,2281.0,2373.0,2210.8571428571427,2273.6428571428573,2
2025-07-17,2153.0,-15.0,2164.0,2252.0,2373.0,2196.714285714286,2257.9285714285716,3
2025-07-18,2153.0,-15.0,2153.0,2252.0,2373.0,2182.5714285714284,2242.214285714286,4
2025-07-19,2153.0,-15.0,2153.0,2252.0,2373.0,2168.4285714285716,2226.5,5
2025-07-20,2153.0,-15.0,2153.0,2204.0,2332.0,2161.1428571428573,2213.714285714286,6
2025-07-21,2121.0,-9.0,2153.0,2181.0,2317.0,2152.5714285714284,2199.714285714286,0
2025-07-22,2117.0,-13.0,2121.0,2171.0,2306.0,2144.8571428571427,2186.214285714286,1
2025-07-23,2111.0,-9.0,2117.0,2164.0,2281.0,2137.285714285714,2174.0714285714284,2
2025-07-24,2096.0,-22.0,2111.0,2153.0,2252.0,2129.1428571428573,2162.9285714285716,3
2025-07-25,2096.0,-22.0,2096.0,2153.0,2252.0,2121.0,2151.785714285714,4
2025-07-26,2096.0,-22.0,2096.0,2153.0,2252.0,2112.8571428571427,2140.6428571428573,5
2025-07-27,2088.0,-2.0,2096.0,2153.0,2204.0,2103.5714285714284,2132.3571428571427,6
2025-07-28,2080.0,-11.0,2088.0,2121.0,2181.0,2097.714285714286,2125.1428571428573,0
2025-07-29,2072.0,-9.0,2080.0,2117.0,2171.0,2091.285714285714,2118.0714285714284,1
2025-07-30,2063.0,-12.0,2072.0,2111.0,2164.0,2084.4285714285716,2110.8571428571427,2
2025-07-31,2058.0,-9.0,2063.0,2096.0,2153.0,2079.0,2104.0714285714284,3
2025-08-01,2058.0,-9.0,2058.0,2096.0,2153.0,2073.5714285714284,2097.285714285714,4
2025-08-02,2058.0,-9.0,2058.0,2096.0,2153.0,2068.1428571428573,2090.5,5
2025-08-03,2049.0,-2.0,2058.0,2088.0,2153.0,2062.5714285714284,2083.0714285714284,6
2025-08-04,2040.0,-3.0,2049.0,2080.0,2121.0,2056.8571428571427,2077.285714285714,0
2025-08-05,2042.0,-4.0,2040.0,2072.0,2117.0,2052.5714285714284,2071.9285714285716,1
2025-08-06,2036.0,-10.0,2042.0,2063.0,2111.0,2048.714285714286,2066.5714285714284,2
2025-08-07,2031.0,-11.0,2036.0,2058.0,2096.0,2044.857142857143,2061.9285714285716,3
2025-08-08,2031.0,-11.0,2031.0,2058.0,2096.0,2041.0,2057.285714285714,4
2025-08-09,2031.0,-11.0,2031.0,2058.0,2096.0,2037.142857142857,2052.6428571428573,5
2025-08-10,2006.0,-4.0,2031.0,2049.0,2088.0,2031.0,2046.7857142857142,6
2025-08-11,1999.0,-12.0,2006.0,2040.0,2080.0,2025.142857142857,2041.0,0
2025-08-12,1999.0,0.0,1999.0,2042.0,2072.0,2019.0,2035.7857142857142,1
2025-08-13,1997.0,-5.0,1999.0,2036.0,2063.0,2013.4285714285713,2031.0714285714287,2
2025-08-14,1994.0,-7.0,1997.0,2031.0,2058.0,2008.142857142857,2026.5,3
2025-08-15,1994.0,-7.0,1994.0,2031.0,2058.0,2002.857142857143,2021.9285714285713,4
2025-08-16,1994.0,-7.0,1994.0,2031.0,2058.0,1997.5714285714287,2017.357142857143,5
2025-08-17,1991.0,-1.0,1994.0,2006.0,2049.0,1995.4285714285713,2013.2142857142858,6
2025-08-18,1985.0,-8.0,1991.0,1999.0,2040.0,1993.4285714285713,2009.2857142857142,0
2025-08-19,1980.0,-8.0,1985.0,1999.0,2042.0,1990.7142857142858,2004.857142857143,1
2025-08-20,1983.0,0.0,1980.0,1997.0,2036.0,1988.7142857142858,2001.0714285714287,2
2025-08-21,1972.0,-13.0,1983.0,1994.0,2031.0,1985.5714285714287,1996.857142857143,3
2025-08-22,1972.0,-13.0,1972.0,1994.0,2031.0,1982.4285714285713,1992.642857142857,4
2025-08-23,1972.0,-13.0,1972.0,1994.0,2031.0,1979.2857142857142,1988.4285714285713,5
2025-08-24,1981.0,0.0,1972.0,1991.0,2006.0,1977.857142857143,1986.642857142857,6
2025-08-25,1980.0,-3.0,1981.0,1985.0,1999.0,1977.142857142857,1985.2857142857142,0
2025-08-26,1989.0,5.0,1980.0,1980.0,1999.0,1978.4285714285713,1984.5714285714287,1
2025-08-27,1988.0,-10.0,1989.0,1983.0,1997.0,1979.142857142857,1983.9285714285713,2
2025-08-28,1984.0,-11.0,1988.0,1972.0,1994.0,1980.857142857143,1983.2142857142858,3
2025-08-29,1984.0,-11.0,1984.0,1972.0,1994.0,1982.5714285714287,1982.5,4
2025-08-30,1984.0,-11.0,1984.0,1972.0,1994.0,1984.2857142857142,1981.7857142857142,5
2025-08-31,1984.0,-11.0,1984.0,1981.0,1991.0,1984.7142857142858,1981.2857142857142,6
2025-09-01,2010.0,12.0,1984.0,1980.0,1985.0,1989.0,1983.0714285714287,0
2025-09-02,2020.0,0.0,2010.0,1989.0,1980.0,1993.4285714285713,1985.9285714285713,1
2025-09-03,2019.0,1.0,2020.0,1988.0,1983.0,1997.857142857143,1988.5,2
2025-09-04,2015.0,-12.0,2019.0,1984.0,1972.0,2002.2857142857142,1991.5714285714287,3
2025-09-05,2015.0,-12.0,2015.0,1984.0,1972.0,2006.7142857142858,1994.642857142857,4
2025-09-06,2015.0,-12.0,2015.0,1984.0,1972.0,2011.142857142857,1997.7142857142858,5
2025-09-07,2026.0,2.0,2015.0,1984.0,1981.0,2017.142857142857,2000.9285714285713,6
2025-09-08,2025.0,-1.0,2026.0,2010.0,1980.0,2019.2857142857142,2004.142857142857,0
2025-09-09,2023.0,-3.0,2025.0,2020.0,1989.0,2019.7142857142858,2006.5714285714287,1
2025-09-10,2025.0,-4.0,2023.0,2019.0,1988.0,2020.5714285714287,2009.2142857142858,2
2025-09-11,2047.0,23.0,2025.0,2015.0,1984.0,2025.142857142857,2013.7142857142858,3
2025-09-12,2047.0,23.0,2047.0,2015.0,1984.0,2029.7142857142858,2018.2142857142858,4
2025-09-13,2047.0,23.0,2047.0,2015.0,1984.0,2034.2857142857142,2022.7142857142858,5
2025-09-14,2083.0,8.0,2047.0,2026.0,1984.0,2042.4285714285713,2029.7857142857142,6
2025-09-15,2086.0,0.0,2083.0,2025.0,2010.0,2051.1428571428573,2035.2142857142858,0
2025-09-16,2095.0,5.0,2086.0,2023.0,2020.0,2061.4285714285716,2040.5714285714287,1
2025-09-17,2096.0,-8.0,2095.0,2025.0,2019.0,2071.5714285714284,2046.0714285714287,2
2025-09-18,2096.0,-3.0,2096.0,2047.0,2015.0,2078.5714285714284,2051.8571428571427,3
2025-09-19,2096.0,-3.0,2096.0,2047.0,2015.0,2085.5714285714284,2057.6428571428573,4
2025-09-20,2096.0,-3.0,2096.0,2047.0,2015.0,2092.5714285714284,2063.4285714285716,5
2025-09-21,2134.0,8.0,2096.0,2083.0,2026.0,2099.8571428571427,2071.1428571428573,6
2025-09-22,2141.0,4.0,2134.0,2086.0,2025.0,2107.714285714286,2079.4285714285716,0
2025-09-23,2145.0,-5.0,2141.0,2095.0,2023.0,2114.8571428571427,2088.1428571428573,1
2025-09-24,2138.0,-5.0,2145.0,2096.0,2025.0,2120.8571428571427,2096.214285714286,2
2025-09-25,2132.0,-6.0,2138.0,2096.0,2047.0,2126.0,2102.285714285714,3
2025-09-26,2132.0,-6.0,2132.0,2096.0,2047.0,2131.1428571428573,2108.3571428571427,4
2025-09-27,2132.0,-6.0,2132.0,2096.0,2047.0,2136.285714285714,2114.4285714285716,5
2025-09-28,2146.0,3.0,2132.0,2134.0,2083.0,2138.0,2118.9285714285716,6
2025-09-29,2148.0,-1.0,2146.0,2141.0,2086.0,2139.0,2123.3571428571427,0
2025-09-30,2159.0,5.0,2148.0,2145.0,2095.0,2141.0,2127.9285714285716,1
2025-10-01,2163.0,-2.0,2159.0,2138.0,2096.0,2144.5714285714284,2132.714285714286,2
2025-10-02,2164.0,-1.0,2163.0,2132.0,2096.0,2149.1428571428573,2137.5714285714284,3
2025-10-03,2164.0,-1.0,2164.0,2132.0,2096.0,2153.714285714286,2142.4285714285716,4
2025-10-04,2164.0,-1.0,2164.0,2132.0,2096.0,2158.285714285714,2147.285714285714,5
2025-10-05,2180.0,-3.0,2164.0,2146.0,2134.0,2163.1428571428573,2150.5714285714284,6
2025-10-06,2187.0,5.0,2180.0,2148.0,2141.0,2168.714285714286,2153.8571428571427,0
2025-10-07,2189.0,-6.0,2187.0,2159.0,2145.0,2173.0,2157.0,1
2025-10-08,2192.0,-2.0,2189.0,2163.0,2138.0,2177.1428571428573,2160.8571428571427,2
2025-10-09,2192.0,1.0,2192.0,2164.0,2132.0,2181.1428571428573,2165.1428571428573,3
2025-10-10,2192.0,1.0,2192.0,2164.0,2132.0,2185.1428571428573,2169.4285714285716,4
2025-10-11,2192.0,1.0,2192.0,2164.0,2132.0,2189.1428571428573,2173.714285714286,5
2025-10-12,2192.0,1.0,2192.0,2180.0,2146.0,2190.8571428571427,2177.0,6
2025-10-13,2223.0,1.0,2192.0,2187.0,2148.0,2196.0,2182.3571428571427,0
2025-10-14,2235.0,8.0,2223.0,2189.0,2159.0,2202.5714285714284,2187.785714285714,1
2025-10-15,2225.0,-5.0,2235.0,2192.0,2163.0,2207.285714285714,2192.214285714286,2
2025-10-16,2233.0,6.0,2225.0,2192.0,2164.0,2213.1428571428573,2197.1428571428573,3
2025-10-17,2233.0,6.0,2233.0,2192.0,2164.0,2219.0,2202.0714285714284,4
2025-10-18,2233.0,6.0,2233.0,2192.0,2164.0,2224.8571428571427,2207.0,5
2025-10-19,2237.0,10.0,2233.0,2192.0,2180.0,2231.285714285714,2211.0714285714284,6
2025-10-20,2243.0,-1.0,2237.0,2223.0,2187.0,2234.1428571428573,2215.0714285714284,0
2025-10-21,2251.0,8.0,2243.0,2235.0,2189.0,2236.4285714285716,2219.5,1
2025-10-22,2261.0,1.0,2251.0,2225.0,2192.0,2241.5714285714284,2224.4285714285716,2
2025-10-23,2266.0,8.0,2261.0,2233.0,2192.0,2246.285714285714,2229.714285714286,3
2025-10-24,2266.0,8.0,2266.0,2233.0,2192.0,2251.0,2235.0,4
2025-10-25,2266.0,8.0,2266.0,2233.0,2192.0,2255.714285714286,2240.285714285714,5
2025-10-26,2276.0,2.0,2266.0,2237.0,2192.0,2261.285714285714,2246.285714285714,6
2025-10-27,2282.0,-3.0,2276.0,2243.0,2223.0,2266.8571428571427,2250.5,0
2025-10-28,2286.0,5.0,2282.0,2251.0,2235.0,2271.8571428571427,2254.1428571428573,1
2025-10-29,2280.0,-13.0,2286.0,2261.0,2225.0,2274.5714285714284,2258.0714285714284,2
2025-10-30,2287.0,2.0,2280.0,2266.0,2233.0,2277.5714285714284,2261.9285714285716,3
2025-10-31,2287.0,2.0,2287.0,2266.0,2233.0,2280.5714285714284,2265.785714285714,4
2025-11-01,2287.0,2.0,2287.0,2266.0,2233.0,2283.5714285714284,2269.6428571428573,5
2025-11-02,2277.0,3.0,2287.0,2276.0,2237.0,2283.714285714286,2272.5,6
2025-11-03,2269.0,-7.0,2277.0,2282.0,2243.0,2281.8571428571427,2274.3571428571427,0
2025-11-04,2270.0,-2.0,2269.0,2286.0,2251.0,2279.5714285714284,2275.714285714286,1
2025-11-05,2272.0,1.0,2270.0,2280.0,2261.0,2278.4285714285716,2276.5,2
2025-11-06,2264.0,-10.0,2272.0,2287.0,2266.0,2275.1428571428573,2276.3571428571427,3
2025-11-07,2264.0,-10.0,2264.0,2287.0,2266.0,2271.8571428571427,2276.214285714286,4
2025-11-08,2264.0,-10.0,2264.0,2287.0,2266.0,2268.5714285714284,2276.0714285714284,5
2025-11-09,2294.0,1.0,2264.0,2277.0,2276.0,2271.0,2277.3571428571427,6
2025-11-10,2294.0,1.0,2294.0,2269.0,2282.0,2274.5714285714284,2278.214285714286,0
2025-11-11,2294.0,-2.0,2294.0,2270.0,2286.0,2278.0,2278.785714285714,1
2025-11-12,2302.0,13.0,2294.0,2272.0,2280.0,2282.285714285714,2280.3571428571427,2
2025-11-13,2317.0,11.0,2302.0,2264.0,2287.0,2289.8571428571427,2282.5,3
2025-11-14,2317.0,11.0,2317.0,2264.0,2287.0,2297.4285714285716,2284.6428571428573,4
2025-11-15,2317.0,11.0,2317.0,2264.0,2287.0,2305.0,2286.785714285714,5
2025-11-16,2340.0,-2.0,2317.0,2294.0,2277.0,2311.5714285714284,2291.285714285714,6
2025-11-17,2343.0,-2.0,2340.0,2294.0,2269.0,2318.5714285714284,2296.5714285714284,0
2025-11-18,2345.0,-4.0,2343.0,2294.0,2270.0,2325.8571428571427,2301.9285714285716,1
2025-11-19,2340.0,-7.0,2345.0,2302.0,2272.0,2331.285714285714,2306.785714285714,2
2025-11-20,2340.0,-1.0,2340.0,2317.0,2264.0,2334.5714285714284,2312.214285714286,3
2025-11-21,2340.0,-1.0,2340.0,2317.0,2264.0,2337.8571428571427,2317.6428571428573,4
2025-11-22,2340.0,-1.0,2340.0,2317.0,2264.0,2341.1428571428573,2323.0714285714284,5
2025-11-23,2375.0,21.0,2340.0,2340.0,2294.0,2346.1428571428573,2328.8571428571427,6
2025-11-24,2371.0,-4.0,2375.0,2343.0,2294.0,2350.1428571428573,2334.3571428571427,0
2025-11-25,2375.0,3.0,2371.0,2345.0,2294.0,2354.4285714285716,2340.1428571428573,1
2025-11-26,2375.0,3.0,2375.0,2340.0,2302.0,2359.4285714285716,2345.3571428571427,2
2025-11-27,2389.0,1.0,2375.0,2340.0,2317.0,2366.4285714285716,2350.5,3
2025-11-28,2389.0,1.0,2389.0,2340.0,2317.0,2373.4285714285716,2355.6428571428573,4
2025-11-29,2389.0,1.0,2389.0,2340.0,2317.0,2380.4285714285716,2360.785714285714,5
2025-11-30,2415.0,10.0,2389.0,2375.0,2340.0,2386.1428571428573,2366.1428571428573,6
2025-12-01,2410.0,-5.0,2415.0,2371.0,2343.0,2391.714285714286,2370.9285714285716,0
2025-12-02,2407.0,-2.0,2410.0,2375.0,2345.0,2396.285714285714,2375.3571428571427,1
2025-12-03,2419.0,1.0,2407.0,2375.0,2340.0,2402.5714285714284,2381.0,2
2025-12-04,2418.0,-6.0,2419.0,2389.0,2340.0,2406.714285714286,2386.5714285714284,3
2025-12-05,2418.0,-6.0,2418.0,2389.0,2340.0,2410.8571428571427,2392.1428571428573,4
2025-12-06,2418.0,-6.0,2418.0,2389.0,2340.0,2415.0,2397.714285714286,5
2025-12-07,2429.0,1.0,2418.0,2415.0,2375.0,2417.0,2401.5714285714284,6
2025-12-08,2440.0,5.0,2429.0,2410.0,2371.0,2421.285714285714,2406.5,0
2025-12-09,2443.0,-1.0,2440.0,2407.0,2375.0,2426.4285714285716,2411.3571428571427,1
2025-12-10,2439.0,-4.0,2443.0,2419.0,2375.0,2429.285714285714,2415.9285714285716,2
2025-12-11,2437.0,-1.0,2439.0,2418.0,2389.0,2432.0,2419.3571428571427,3
2025-12-12,2437.0,-1.0,2437.0,2418.0,2389.0,2434.714285714286,2422.785714285714,4
2025-12-13,2437.0,-1.0,2437.0,2418.0,2389.0,2437.4285714285716,2426.214285714286,5
2025-12-14,2462.0,-4.0,2437.0,2429.0,2415.0,2442.1428571428573,2429.5714285714284,6
2025-12-15,2470.0,2.0,2462.0,2440.0,2410.0,2446.4285714285716,2433.8571428571427,0
2025-12-16,2468.0,6.0,2470.0,2443.0,2407.0,2450.0,2438.214285714286,1
2025-12-17,2481.0,1.0,2468.0,2439.0,2419.0,2456.0,2442.6428571428573,2
2025-12-18,2472.0,-10.0,2481.0,2437.0,2418.0,2461.0,2446.5,3
2025-12-19,2472.0,-10.0,2472.0,2437.0,2418.0,2466.0,2450.3571428571427,4
2025-12-20,2472.0,-10.0,2472.0,2437.0,2418.0,2471.0,2454.214285714286,5
2025-12-21,2484.0,-3.0,2472.0,2462.0,2429.0,2474.1428571428573,2458.1428571428573,6
